cca	cca
fliA	fliA
B7LST2	tusA
P15254	purL
flhD	flhD
flhE	flhE
P39221	52
P39220	yabP
P27245	marR
Q8FF08	ung
P27243	rfaL
cdd	cdd
srmB	srmB
P27241	rfaZ
P27242	waaU
cdh	cdh
P27240	rfaY
P39208	idnK
P30871	ygiF
P30870	glnE
P39206	caiE
flhA	flhA
P39212	insN2
flgB	flgB
flgD	flgD
flgE	flgE
flgG	flgG
flgH	flgH
flgI	flgI
flgK	flgK
flgL	flgL
P27238	yfeD
flgM	flgM
flgN	flgN
P30864	yafC
P77510	dpiB
P30863	dkgB
P30866	yafE
tusE	tusE
P77519	yddL
P30860	artJ
P77515	stfQ
P17888	priA
B7LT32	
X	X
tusA	tusA
Q6BF25	ldrD
cfa	cfa
pifA	pifA
fliS	fliS
tgt	tgt
P30852	smf
P30855	evgS
pifC	pifC
P30859	artI
fliY	fliY
uxuB	uxuB
fliZ	fliZ
P77509	yphE
hrpA	hrpA
B7MW68	cutC
P77503	ycjS
P77504	ybbP
P77506	ybdJ
P30850	rnb
fliC	fliC
fliD	fliD
fliE	fliE
fliF	fliF
fliG	fliG
fliH	fliH
fliI	fliI
uxuA	uxuA
fliK	fliK
fliL	fliL
fliM	fliM
fliN	fliN
fliO	fliO
P27278	nadR
Q8FF55	rlmN
ycbL	gloC
P39267	yjcZ
ccdB	ccdB
tig	tig
ccdA	ccdA
P39263	yfcC
P39265	alsB
P39264	fimI
ycbG	matP
Q6BF87	ldrB
ycaO	ycaO
ycaR	ycaR
B7N849	lpxB
Q6BEX0	ytfR
ycaC	ycaC
Q6BEX5	yjdP
B7UMJ5	glmU
P27254	argK
P27253	scpA
P27250	ahr
ycdX	ycdX
ycdY	ycdY
ytfJ	ytfJ
Q8FF30	hmp
B7LSM7	hflD
ycdO	efeO
Q8X9E5	aaeA
ytfB	ytfB
B7N7Q0	ileS
P66817	diaA
P66818	diaA
P27249	glnD
P27247	plsX
P27248	gcvT
yccU	yccU
yccW	rlmI
yccX	yccX
yccJ	yccJ
Q1RAM8	pgsA
P15288	pepD
P15286	flk
B7LT01	dctA
yccF	yccF
ycbX	ycbX
P66828	sodA
ycbY	rlmL
ycbZ	ycbZ
P05847	ttdA
ycfM	lpoB
ycfP	ycfP
ycfQ	comR
REV__Q6QGH9	
ycfD	roxA
Q8X8Y9	dgt
Q2EEP9	yafF
tmk	tmk
P58384	tus
ycfC	hflD
P05852	tsaD
cls	clsA
Q8X8X7	lpxB
Q2EEQ8	ybfQ
yceD	yceD
Q8X8X5	dnaE
yceF	yceF
yceH	yceH
yceI	yceI
Q47083	cbl
ytfL	ytfL
Q2EEQ3	yahH
ytfM	tamA
Q2EEQ2	ykgO
ytfN	tamB
ytfP	ytfP
ytfQ	ytfQ
yceA	yceA
yceB	yceB
P0C093	slmA
cmk	cmk
P05824	recN
Q2EES1	yniD
Q2EES0	ynfO
P05825	fepA
ychN	ychN
P05827	ilvY
P69055	sdhC
P69054	sdhC
P17802	mutY
Q2EER5	ymjC
Q8X988	zapD
Q2EET0	ypdJ
Q2EET2	ypfN
ycgM	ycgM
Q9XCW3	vioB
ycgR	ycgR
Q8X8V5	yeeN
Q9XCW4	vioA
ycgK	pliG
ycgL	ycgL
Q2EES3	yoeF
Q8FEE5	rlmM
Q8X8V9	metQ
Q2EES6	yohO
tpx	tpx
Q2EES9	torI
P30844	basS
P30843	basR
P30845	eptA
Q2EEU2	yjhX
P30847	baeS
EcolC1400	EcolC1400
P71311	yaiS
ycjR	ycjR
ycjS	ycjS
P60651	speB
ycjF	ycjF
yciW	yciW
B7LSH5	
B7LSH9	prfA
trg	trg
yciO	yciO
P71301	ecpR
yciS	lapA
yciT	yciT
yciI	yciI
yciK	yciK
yciM	lapB
yciN	yciN
P60664	hisF
yciA	yciA
yciC	yciC
B7NHM5	ycjF
Q6BF16	dgoA
Q6BF17	dgoD
yciF	yciF
tsf	tsf
P58357	torR
tsr	tsr
P17846	cysI
tsx	tsx
crl	crl
Q8FEJ4	ftsB
crp	crp
crr	crr
P16528	iclR
REV__P08716	
P16525	tus
P17854	cysH
ccmE	ccmE
Q8FEI7	cysJ
P61949	fldA
B7LSC6	glpG
Q47129	feaR
P09373	pflB
P0C037	ppnP
P09372	grpE
P09377	rhaS
P22333	add
P09378	rhaR
B7LSC7	glpE
P36979	rlmN
P76197	ydiM
P76198	ydiN
P10371	hisA
pitA	pitA
Q8FFA3	hemF
P61951	fldA
Q8FFA1	eutC
P60624	rplX
P58319	ltaE
P12999	bioC
anmK	anmK
P12996	bioB
P11664	yggC
P12995	bioA
P11667	argO
P12998	bioF
Q47149	yafQ
P12994	ybhB
P11663	fumE
Q47147	yafJ
Q47157	yafO
Q47156	yafN
Q47155	dinB
P0C018	rplR
Q47154	lafU
Q47153	lfhA
Q47152	rayT
Q47151	yafL
Q47150	dinJ
P60632	yohJ
Q1RB92	ppsR
P10346	glnQ
Q47138	ydfE
Q47146	fadE
Q47142	hcaT
Q47141	hcaR
Q47140	hcaF
B7LSB7	nfuA
P76168	intQ
P77499	sufC
P76169	ynfA
P76164	ydfW
P77495	prpE
P76165	ydfX
hsdM	hsdM
P05804	uidA
P0C079	relB
hsdR	hsdR
P0C077	relE
hsdS	hsdS
P76172	ynfD
P76173	ynfH
P76170	ynfB
P77488	dxs
P76157	ynfN
P77489	paoC
P76158	rzpQ
P76159	rrrQ
P76154	ydfK
P77485	cusS
P76155	tfaQ
P76156	ydfO
P33024	psuT
P33025	psuG
P33022	rihB
P33029	yeiQ
P33026	setB
Q47158	yafP
P33030	yeiR
P76160	ydfR
hscA	hscA
P76161	quuQ
P76162	ydfU
P77493	ydjH
P76163	ydfV
P77494	hokB
hscB	hscB
P76186	ydhK
P76187	ydhF
P33013	dacD
P33014	yeeD
P10378	entE
P33011	yeeA
P0C054	ibpA
P33012	sbmC
P33018	yeiG
P33015	yeeE
P09391	glpG
P33020	yeiI
P33021	nupX
P09394	glpQ
P0C058	ibpB
P76193	ynhG
P76194	sufE
P76196	ydiL
P76190	mepH
P76192	ydhV
P76175	clcB
P76176	ydgD
P76177	ydgH
P36995	cspB
P0C066	mltC
sseA	sseA
sseB	sseB
P10384	fadL
P36999	rlmA
P76182	rsxD
P76185	ydhJ
sbcB	sbcB
P76180	ydgK
P77455	paaZ
P76127	bdm
P76121	yddH
P76122	yddJ
P77453	hyfJ
P76123	yddK
P77454	glsA1
Q1RAN8	araG
P76128	ddpA
P76129	dosP
B7LRZ7	
P00946	manA
P39187	ytfJ
P00944	xylA
B7LRZ1	
P77460	ybcY
P39180	flu
P76113	curA
P77444	sufS
P77445	eutE
P76114	mcbR
P76115	yncD
Q8X9J6	ycdX
P76116	yncE
P76111	ydcZ
P76112	mnaT
P76117	yncG
P76118	yncH
P76119	yncI
A0A140NDS5	yafV
P00936	cyaA
P00934	thrC
P00935	metB
P39177	uspG
P39176	erfK
P39173	yeaD
P39172	znuA
tehB	tehB
P76146	yneE
P76147	dgcF
P76148	yneG
P76149	sad
P77473	pdeB
P76142	lsrB
P76143	lsrF
P77475	yqaB
P76145	tam
Q8FF72	purM
Q8FF70	ppk
REV__B1LLV3	
REV__P33784	
P39163	chaC
P00968	carB
Gene names	Gene names
P39165	ychO
P39160	uxuB
P00963	asnA
P77481	ycjV
P76150	yneK
P00961	glyS
P39161	uxuR
P00962	glnS
P00960	glyQ
B7LS91	
P76135	ydeO
P77467	paaG
P76136	safA
P76137	ydeT
P77468	sfmD
P76138	yneL
P77463	ddpC
P76134	ydeM
Q1RAQ8	argS
P00959	metG
P00956	ileS
P00957	alaS
P00954	trpS
P76141	lsrR
uhpT	uhpT
rpiB	rpiB
P77414	wcaA
rpiA	rpiA
hslV	hslV
hslU	hslU
P52119	ratB
P77416	hyfD
P36943	eaeH
B7LS75	
uhpA	uhpA
oxaA	oxaA
hslO	hslO
P36938	pgm
P77400	ybaT
P52124	yfjI
P52125	yfjJ
P36937	kdpF
P77402	ydiP
P52123	yfjH
Q1RAS6	znuC
P36930	gatR
P77409	ydhU
P52128	yfjM
P52129	rnlA
P52126	yfjK
P52127	yfjL
P09348	motA
Q1RAS0	yebC
P52135	yfjT
P77433	ykgG
P76102	insQ
udp	udp
Q1RAT6	purT
P76103	ydcO
P77434	alaC
B1LEG3	mdoB
P52133	yfjR
P76104	rlhA
P52134	ypjK
P52131	yfjP
dcd	dcd
P52132	yfjQ
P76100	ydcK
P36929	rsmB
P36928	yegD
P52130	rnlB
P77432	lsrK
P40191	pdxK
B7LS48	rpsL
B7LRS8	rpmC
B7LRS9	rplP
B7LS49	tusB
P52139	yfjX
P76106	hicA
P77437	hyfF
P76108	ydcS
P77439	fryA
P52138	yfjW
dcm	dcm
dcp	dcp
B7LRT3	rplB
B7LRT1	rplV
B7LRT2	rpsS
B7M3T7	queC
B7LS58	kefG
B7LRT5	rplD
B7LRT0	rpsC
Q8X9M0	argG
P77423	hyfH
P77425	allC
P52143	ypjA
P52140	yfjY
P52141	yfjZ
P77427	ybeU
Q8FEY4	ratA
rpiR	rpiR
P39196	lplT
P39199	prmB
P09323	nagE
Q8X9L0	ftsH
rpmD	rpmD
P77610	ansP
rpmC	rpmC
P77611	rsxC
rpmF	rpmF
rpmE	rpmE
sspB	sspB
def	def
rpmB	rpmB
rpmA	rpmA
sspA	sspA
P77619	yfeW
yuaX	yuaX
P39337	yjgM
yuaY	yuaY
rpmH	rpmH
P39336	yjgL
rpmG	rpmG
P77615	ycjW
P39338	yjgN
P77616	yqiH
rpmI	rpmI
P39344	idnT
rplS	rplS
P39343	idnR
rplR	rplR
P39346	idnD
rplU	rplU
rplT	rplT
P15373	prlF
rplO	rplO
gpmI	gpmI
rplN	rplN
P39342	yjgR
rplQ	rplQ
rplP	rplP
rplW	rplW
rplV	rplV
rplY	rplY
rplX	rplX
P28697	mbiA
rplC	rplC
rplB	rplB
rplE	rplE
P77601	ykgA
P28696	yaaI
rplD	rplD
rplA	rplA
rplK	rplK
P77607	yagL
rplJ	rplJ
P77608	mhpD
rplM	rplM
B7LU79	ilvC
P77609	flxA
rplL	rplL
P39325	ytfQ
rplF	rplF
gpmA	gpmA
P39328	ytfT
rplI	rplI
gpmB	gpmB
P39333	bdcA
P39332	yjgH
B7LU82	ilvD
P39334	bdcR
rpoE	rpoE
P77634	ybcM
rpoB	rpoB
rpoA	rpoA
rpoD	rpoD
rpoC	rpoC
P76308	yecR
rpoN	rpoN
mraW	rsmH
gppA	gppA
B7LU47	dapF
P39315	qorB
P16679	phnL
ydbK	ydbK
P16678	phnK
P39314	ytfF
P16677	phnC
P39317	ytfI
P16676	cysA
P16686	phnH
dgt	dgt
P16685	phnG
P39321	tamB
P16684	phnF
cueO	cueO
ydbA	ydbA
P65643	eutT
B7M650	pepQ
P16682	phnD
ydbC	pdxI
P16681	yjdN
nudC	nudC
tesB	tesB
nudF	nudF
nudE	nudE
P77622	ddpF
P30979	ybeF
P39308	yjfZ
tesA	tesA
P39309	ytfA
P39304	ulaD
P77624	yahI
P16689	phnM
P77625	hxpA
P16688	phnJ
P39306	ulaF
P77626	sutR
P16687	phnI
P39305	ulaE
P77627	ybeR
A8A2Q7	ligA
P39310	ytfB
P16692	phnP
P16691	phnO
P16690	phnN
Q8X8E0	cobB
mrcA	mrcA
P39389	yjiR
P39384	yjiM
P38052	sfmF
P39383	yjiL
P38054	cusA
P39386	mdtM
P39385	yjiN
P38055	ydjE
mrcB	mrcB
P14081	selB
P39380	kptA
ydcY	ydcY
P39382	yjiK
P39381	yjiJ
P38051	menF
ydcP	rlhA
ydcS	ydcS
Q8FE27	rdgB
ydcW	prr
B7M5R7	ubiG
Q8FDQ2	kpsF
ydcI	ydcI
B7N966	allB
P38038	cysJ
ydcL	ydcL
P39369	yjhR
P39377	iadA
P39376	yjiE
P39379	yjiH
P39375	iraD
ydcF	ydcF
P39374	yjiC
rpoS	rpoS
tetR	tetR
P39371	nanM
P39370	nanS
rpoZ	rpoZ
rpsJ	rpsJ
Q8FE19	yggX
rpsI	rpsI
P27375	htrC
rpsL	rpsL
rpsK	rpsK
rpsF	rpsF
rpsE	rpsE
rpsH	rpsH
rpsG	rpsG
rpmE2	ykgM
rpsR	rpsR
rpsQ	rpsQ
rpsT	rpsT
rpsS	rpsS
P39359	yjhH
rpsN	rpsN
P39358	yjhG
rpsM	rpsM
rpsP	rpsP
rpsO	rpsO
P39366	sgcX
mreC	mreC
P39365	sgcC
P38035	rtcR
mreB	mreB
P39368	yjhQ
P38036	ygcB
P39367	yjhP
P39362	sgcE
ydfG	ydfG
P39361	sgcR
P39364	sgcQ
P39363	sgcA
rpsB	rpsB
rpsA	rpsA
P39360	yjhI
rpsD	rpsD
rpsC	rpsC
dld	dld
macA	macA
gpsA	gpsA
ydeN	ydeN
Q8X8B5	fdhD
P39347	intB
P39349	yjgX
P39355	yjhE
P39354	yjhD
P39357	yjhF
P39356	yjhU
P39351	yjgZ
P39353	yjhC
sstT	sstT
P39352	yjhB
ydeI	ydeI
B7M5Q1	mqo
P66948	bepA
B7M5M8	nei
ydhX	ydhX
P42905	agaW
P42906	agaA
P42907	agaS
P42909	agaB
ydhQ	ydhQ
ydhR	ydhR
ydhF	ydhF
P42904	agaV
maeB	maeB
baeR	baeR
P54901	csiE
P17952	murC
upp	upp
ydgH	ydgH
B7UNH4	fadB
rpsU	rpsU
ydgJ	ydgJ
P33195	gcvP
ydgA	ydgA
Q8FDE0	sstT
Q8X7U3	cysH
ydjN	ydjN
P21189	polB
ydjA	ydjA
P46481	aaeB
P46482	aaeA
dps	dps
ydiI	menI
ydiJ	ydiJ
P46478	aaeX
ydiA	ppsR
ydiB	ydiB
nuoC	nuoC
usg	usg
nuoB	nuoB
P16659	proS
nuoA	nuoA
nuoG	nuoG
P17993	ubiG
nuoF	nuoF
P17994	yfaA
nuoE	nuoE
P39300	ulaG
P39301	ulaA
P27306	sthA
P28638	yhdJ
P28635	metQ
P27305	gluQ
P60778	tsgA
P27302	tktA
P60777	ytjB
P28634	trmO
P27303	emrA
P30958	mfd
P60782	plsY
Q8X7Z7	dkgB
P60785	lepA
P04693	tyrB
malK	malK
malM	malM
B7LTG7	
malP	malP
malT	malT
coaBC	coaBC
uup	uup
dtd	dtd
P58484	menC
malE	malE
P28631	holB
P27300	lpxK
P28632	holD
B7LTH3	glyS
P28630	holA
B7LTH4	glyQ
nuoK	nuoK
P42910	agaC
nuoI	nuoI
P42911	agaD
nuoH	nuoH
P42912	agaI
P42913	yraH
P42914	yraI
P42915	yraJ
nuoL	nuoL
P28629	adiA
Q0TLQ8	mraZ
B7N8H4	proA
dut	dut
nusB	nusB
nusA	nusA
nusG	nusG
P0C0T5	mepA
cusF	cusF
cusC	cusC
manY	manY
manX	manX
Q47005	nac
cusA	cusA
cusB	cusB
Q47013	elaD
cutA	cutA
manA	manA
Q8X929	panB
Q8X926	pgl
cusS	cusS
cusR	cusR
Q1RA54	hisG
lolD	lolD
P58422	gph
lolA	lolA
P0C0U4	rimK
lolB	lolB
ndpA	ndpA
O32528	ypdI
P08178	purM
P08179	purN
P0C0R7	rlmE
P08142	ilvB
P60752	msbA
B7M5C6	gppA
P60757	hisG
dxs	dxs
A8A2A7	glpB
P0C0S2	mscS
P0C0S1	mscS
cutC	cutC
manZ	manZ
P0CB62	ymiA
P21170	speA
B7LTA2	
P46474	yhdP
basR	basR
basS	basS
oxyR	oxyR
P21165	pepQ
B7M5A4	rbsD
P21169	speC
P76290	cmoA
P76291	cmoB
P76278	yebZ
barA	barA
P76275	yebW
Q8X8T3	hisD
P21177	fadB
P76280	yobB
P21179	katE
P0C0V0	degP
P60716	lipA
P21151	fadA
P33135	fliR
sthA	sthA
P33136	mdoG
P0C0V1	degP
A7ZS63	truB
P08189	fimF
P33129	htrE
P58409	hcxB
P76296	yecT
P76297	flhE
P76298	flhA
P76299	flhB
P33128	yadV
P08192	folC
P08190	fimG
P08191	fimH
Q8X930	panC
Q8FEA6	aas
P08194	glpT
htgA	mbiA
P60720	lipB
P21156	cysD
P60723	rplD
P76245	dgcP
P77579	fryC
P76241	nimR
P76242	nimT
P76243	yeaO
Q8X8I2	fadB
P76249	leuE
Q79E92	ykgN
P0C0L2	osmC
P77580	mhpF
P77581	astC
P76250	dmlR
P76251	dmlA
P0C0L9	iscX
P0C0L8	proP
P0C0L7	proP
P76234	yeaE
P76235	yeaH
P10408	secA
P77567	nhoA
P76236	cdgI
P76237	dgcJ
P77561	ydeP
P76230	ydjK
hchA	hchA
P77562	yaiW
P76231	yeaC
P77564	ydhW
Q8FE66	gcvH
P77569	mhpR
P76239	yoaI
P39295	yjfM
P39298	yjfP
P39297	bsmA
P0C0M0	iscX
P77570	anmK
P39293	yjfK
P09424	mtlD
P77598	ybcV
P77599	yfcS
P76268	kdgR
P76269	yebQ
P27298	prlC
P27296	dinG
P27297	bax
P76264	mntP
P77596	yagF
P27294	inaA
Q8X8G9	yihI
P39288	queG
P39285	mscM
P64274	greB
P39284	yjeO
P39286	rsgA
P76270	msrC
P39280	epmB
P76272	yebT
P39283	yjeN
P39282	yjeM
P76273	rsmF
P76256	tsaB
P77588	ydeQ
P76257	yoaA
P77589	mhpT
P77585	ypdE
P76254	yeaX
P39277	yjeH
P0C0K4	srkA
P0C0K3	srkA
P39279	yjeJ
P39274	yjdJ
P39276	dtpC
P39270	yjdF
P76261	pdeD
P76201	ydiQ
P76204	ydiV
Q8X8M9	yceH
P77536	ykgF
P76205	arpB
P76206	ydiY
P77538	yfhR
P77539	ydjL
P76208	yniB
O52982	yfjS
dhaL	dhaL
P77522	sufB
dhaK	dhaK
P0CB39	eptC
eda	eda
edd	edd
Q8X8L6	yigL
P77529	ydjN
P10443	dnaE
REV__A7ZIN5	
P77526	yfcG
P10441	lpxB
P77528	peaD
P10442	rnhB
P65556	yfcD
Q8X8L4	ysgA
P65558	yfcD
P0CB40	eptC
dhaM	dhaM
P77554	yahJ
P76223	ynjB
P76224	ynjC
P77555	allD
P76226	ynjF
stpA	stpA
P76220	ydjY
P77551	rzpR
htpX	htpX
P77552	ydhQ
P76221	ydjZ
P76222	ynjA
ceaC	ceaC
P76227	ynjH
P77559	ynfL
P76228	ynjI
B7LT74	
htpG	htpG
P23721	serC
P66899	ygeX
P77544	yfcF
P76213	cho
P76214	ves
P77546	ydaV
P76215	astE
P76210	ydjO
P77541	prpB
P10423	iap
P76216	astB
P76217	astD
P77549	yfcJ
efp	efp
P76219	ydjX
B7LT86	
A0A140ND86	
P31979	nuoF
yebR	msrC
yebT	yebT
P71198	traM
yebF	yebF
P0A8Z1	yciA
yebG	yebG
P0A8Z0	yciA
P15006	mcrC
P15005	mcrB
P0A8Z9	yqiA
REV__P0ACT0	
P42624	yhaK
P0A8Z7	yqiA
P42625	yhaL
P42626	yhaM
P0A8Z5	ybgC
yebC	yebC
P0A8Z3	ybgC
P42628	dlsT
htrL	htrL
Q0TKP7	rdgC
P03030	lysR
yeaY	yeaY
yeaZ	tsaB
P42620	yqjG
P42619	yqjF
yeaG	yeaG
yeaK	yeaK
P42615	mzrA
P42616	yqjC
yeaD	yeaD
Q0TKQ3	aroL
Q0TKQ4	yaiI
P04335	frsA
P03004	dnaA
P06996	ompC
P06999	pfkB
P03007	dnaQ
mscS	mscS
yedV	hprS
P0A8X0	yjgA
P0A990	dnaN
P0A997	glpC
P0A998	ftnA
P42601	alx
P42603	ygjV
P0A996	glpC
P42604	uxaA
P0A993	fbp
yedD	yedD
P0A8X3	yceI
P0A8X4	yccT
yedE	yedE
P0A991	fbaB
yedF	yedF
B7LUV4	smpB
P0A8X2	yceI
P0A992	fbaB
apaH	apaH
mscL	mscL
P03014	pinE
yecR	yecR
P03018	uvrD
yecS	yecS
P0A8Y1	yjjG
yecJ	yecJ
yecM	yecM
P0A8Y8	entH
P0A8Y9	entH
B7LUW4	rpsP
yecA	yecA
P0A8Y6	yidA
yecC	yecC
B7LUW7	rplS
P0A8Y5	yidA
yecD	yecD
msbB	lpxM
msbA	msbA
P0A8Y2	yjjG
B7MXZ7	pdxB
P0A8Y3	yihX
yecF	yecF
B7LUW6	trmD
yebV	yebV
P28307	csgA
yebY	yebY
P28305	pabC
P28306	mltG
P03023	lacI
P28303	dinF
P28304	qorA
P03024	galR
xseB	xseB
Q8FD13	fmt
B7LUS9	glpK
P16384	miaA
yeeZ	yeeZ
yeeX	yeeX
P55914	yjjZ
yeeN	yeeN
Q8X7B7	trpC
Q8X7B5	trpA
P15067	glgX
yeeD	yeeD
yeeF	plaP
yedX	hiuH
P28369	prfH
Q8X7A0	ynfB
yehZ	yehZ
P31991	ydcD
P15029	fecD
B7LV29	dcd
P15028	fecB
P31992	pptA
P15034	pepP
P00804	lspA
P15033	racC
P00805	ansB
lpdA	lpdA
P15032	recE
P15031	fecE
P00803	lepB
P15030	fecC
P42640	yhbX
P42641	obgE
eno	eno
P29680	hemE
B7LUR5	metJ
yegP	yegP
P15038	helD
yegQ	yegQ
B7LV38	mdtA
B7LUR8	rpmE
yegR	yegR
P15047	entA
P67910	hldD
yegD	yegD
P15043	recQ
B7LUS3	
P15042	ligA
yegH	yegH
B7M6S1	ligA
P04391	argI
B7LUS2	hslV
B7M6S2	zipA
P03061	ivbL
P04395	alkA
P42630	tdcG
P42632	tdcE
Q0TKG8	htpG
P22186	mraZ
yejF	yejF
P0A932	gfcE
P0A8R0	rraA
P0A930	wza
yejL	yejL
P0A8R9	hdfR
epd	epd
P0A8R7	ycjF
P0A937	bamE
P0A938	bamE
P0A935	mltA
P0A936	mltA
P0A8R4	slyX
Q8X769	fumC
P46142	yggM
P46141	ygbE
P46144	yedJ
B7LV14	hemH
B7M714	argH
yeiP	yeiP
B7LV13	adk
yeiR	yeiR
yeiE	yeiE
P0A940	bamA
yeiG	yeiG
P0A8S1	argP
P0A948	rimJ
P22188	murE
P46136	yddG
P0A8S9	flhD
P0A949	rimJ
P46139	dgcN
P0A946	rimI
P0A944	rimI
P0A8S5	uspB
P46130	ybhC
P46133	abgT
P0A908	mipA
B7M6M2	fadJ
B7M6M3	fadI
B7LUM3	coaA
P0A910	ompA
P60474	ispU
era	era
P60472	ispU
Q8FCB6	yibT
Q8FCB7	mtlD
P0A917	ompX
nemA	nemA
P0A8P8	xerD
P46126	yfiM
P0A915	ompW
P46125	yedI
P0A8P6	xerC
P23485	fecR
P0A8P3	yggX
P0A913	pal
Q8FCB1	lldD
P0A8P1	aat
P0A911	ompA
P0A912	pal
aphA	aphA
P46122	yajI
P0A919	ompX
P46121	ybfK
B7N9Q7	rihA
B7M6N5	dsdA
P0A8Q0	frdC
Q8X733	pckA
P0A921	pldA
Q9XB42	ykfH
P0A8Q6	clpS
Q8X6R9	ygdG
Q8X739	phoQ
P0A927	tsx
P0A924	pgpB
Q8FCA0	hldD
P46119	ybjC
P0A922	pldA
P0A8Q3	frdD
P46118	hexR
A0A140NCB4	ybeM
B7LUK7	rsd
P06974	fliM
B7LUK6	nudC
B7LUK4	nfi
P0A976	cspF
P0A8V6	fadR
P18956	ggt
P0A974	cspE
P0A972	cspE
P0A8V2	rpoB
P0A8V0	rbn
P0A970	cspD
CON__P02533	
P0A978	cspG
P06983	hemC
P06986	hisC
B7LUL8	rplA
B7LUL9	rplK
P06988	hisD
B7LUL6	rplL
P06987	hisB
B7LUL7	rplJ
P06989	hisI
P46187	rseC
P0A986	cspI
P0A987	cspI
P0A8W5	yqgE
P0A982	cspH
P0A8W2	slyA
Q8X6X5	hemE
P0A8W3	slyA
Q8X6X6	glgB
P0A8W0	nanR
P0A980	cspG
P60422	rplB
P06990	hsdS
P06993	malT
P06992	rsmA
P0A988	dnaN
P0A8W8	yfbU
Q8FCF1	ghrB
P06959	aceF
P58115	yhaK
P58116	yhhW
P0A953	fabB
P0A954	fabB
P0A951	speG
P0A8T1	prmA
P0A952	speG
P0A959	alaA
P06960	argF
P60438	rplC
P0A8T7	rpoC
P0A957	eda
P0A8T8	rpoC
P0A8T5	fliE
P0A955	eda
P06961	cca
P06966	dicA
P06965	dicC
P06968	dut
P05637	apaH
Q8X6W1	gsiA
lplA	lplA
cvrA	cvrA
P0A964	cheW
P0A8U2	yafD
P0A962	ansA
P0A963	ansA
P0A8U0	syd
P0A960	alaA
P0A968	cspD
P06971	fhuA
P0A8U6	metJ
P06972	fhuB
P0A8I8	rlmH
P0A8I6	trmB
P77297	yahE
P0A8I5	trmB
msrB	msrB
msrA	msrA
P0A8I3	yaaA
P11447	argH
P11446	argC
Q8X800	metI
sucC	sucC
sucD	sucD
sucA	sucA
sucB	sucB
P09130	traD
P0A8J2	dnaT
P0A8J8	rhlB
P77286	ydeU
P77288	yfcV
P0A8J4	ybeD
sdaB	sdaB
P11458	nadA
P10121	ftsY
P11454	entF
P77293	yfdH
P77294	ydeR
P09147	galE
P77295	ygaV
P0A8K1	psd
P77296	ybeT
P61714	ribE
P22106	asnB
P09148	galT
P0A8G6	wrbA
P12758	udp
P0A8G3	uxaC
P0A8G0	uvrC
sufC	sufC
hdeB	hdeB
sufA	sufA
gabD	gabD
REV__P25527	
P0A8G9	xseB
grcA	grcA
P0A8H8	yacG
P0A8H6	yihI
P0A8H3	zupT
P10100	rlpA
rraA	rraA
P0A8I1	yqgF
P09126	hemD
P09127	hemX
P77257	lsrA
P77258	nemA
P0A8M6	yeeX
P77256	ydjG
gadB	gadB
suhB	suhB
greA	greA
P77260	ydfI
P0A8N5	lysU
P0A8N3	lysS
P77263	ecpE
P0A8N4	lysS
P0A8N0	matP
P23481	hyfA
P23482	hyfB
P77247	hxpB
P23484	fecI
P77249	sfmC
P77243	prpD
P0A8N7	epmA
P77245	murR
B1J0M7	ruvA
A5A630	ytcA
sufI	ftsP
P09184	vsr
sufD	sufD
P0A906	slyB
sufS	sufS
P77252	ykgE
P0A905	slyB
gabT	gabT
P0A902	blc
P0A903	bamC
P0A901	blc
P77279	fetA
P0A8K8	yihY
P77277	eutJ
P0A8K5	yaeP
elaB	elaB
elaA	elaA
P65293	ygdI
P65292	ygdI
B1J0L4	cutC
P65294	ygdR
P36767	rdgC
P65290	yfgH
Q8X821	bioD1
P09153	tfaE
P09154	ymfS
P36771	lrhA
P09151	leuA
P09152	narG
A5A625	yibV
P09158	speE
sdhC	sdhC
P09155	rnd
A5A627	tisB
P0A8L1	serS
A5A628	yjbT
P77285	rsxG
A5A621	ypfM
Q8X826	damX
P77280	ydjJ
sdhB	sdhB
A5A624	dinQ
sdhA	sdhA
Q8X824	aroB
P77268	ddpD
lptB	lptB
P77269	yphF
P0A8L7	yciU
A5A618	ynhF
A5A619	yojO
P77265	mdlA
lptG	lptG
hdhA	hdhA
P0A8L5	ycgN
lptD	lptD
lptE	lptE
P10151	leuO
P65296	ygdR
P09162	yjaA
P09163	yjaB
P65298	yqhH
A5A614	yciZ
A5A615	yncL
P09169	ompT
P77272	murP
radA	radA
A5A616	mgtS
A5A617	ydgU
P0A8M3	thrS
P0A8M0	asnS
A5A611	ymgI
A5A612	ymgJ
A5A613	yciY
P0A8A0	yebC
P77213	ybdK
P77214	cusF
P77215	rhmD
P77216	ybdN
A5A607	ylcI
P42590	ygjI
P77211	cusC
P77212	rclA
P42591	ygjJ
Q8X7G2	puuD
P0A8A8	rimP
P0A8A4	ppsR
Q8FD52	argR
P77218	eutD
P0A8A2	yeeN
P77219	yahC
P42589	ygjH
Q0TL93	gmhA
repA2	repA2
A5A605	ykfM
P42588	patA
P77202	dsbG
P0A8B2	yfcN
elbB	elbB
P77206	yafZ
P0A8B5	ybaB
fbp	fbp
msyB	msyB
P77237	essQ
P77231	citG
P77234	ybeQ
P77239	cusB
CON__Q3ZBD7	
raiA	raiA
P00722	lacZ
lpxD	lpxD
P77221	yahG
P77223	rsxB
diaA	diaA
P77228	ydfJ
pldA	pldA
REV__P32681	
fdx	fdx
lpxC	lpxC
lpxA	lpxA
P0A8E5	yacL
galE	galE
P0A8E1	ycfP
rrmJ	rlmE
galK	galK
galM	galM
supH	ybiV
P0A8E6	yacL
P0A8E7	yajQ
P0A8F6	udk
P0A8F4	udk
P0A8F0	upp
ffh	ffh
dicA	dicA
hupB	hupB
P0A8F8	uvrB
hupA	hupA
Q8FD84	glmM
P0A8C1	ybjQ
surE	surE
yfbQ	alaA
folX	folX
surA	surA
yfbT	hxpA
P0A8C8	yidD
yfbH	arnD
P0A8C4	ygfB
folC	folC
folD	folD
folE	folE
A8A3N0	cysN
groL	groL
Q8X7I0	yegP
folP	folP
groS	groS
P0A8D3	yaiI
yfaL	yfaL
CON__P08779	
Q8X7H7	yegS
P0A8D0	nrdR
P0A8D9	yfbV
P0A8D8	ymdB
Q8FCU4	pckA
folA	folA
P0A8D6	ymdB
folB	folB
galT	galT
galU	galU
yfaA	yfaA
B7LTY8	pepQ
P42592	ygjK
P42593	fadH
P42596	rlmG
P42597	ygjP
P42598	ygjQ
P42599	ygjR
P27111	cynR
yfdH	yfdH
yfdI	yfdI
P16456	selD
fis	fis
fiu	fiu
gapA	gapA
yfcZ	yfcZ
B7LVZ1	gshA
B7LVZ2	luxS
yfcN	yfcN
P27125	rhaT
P41409	rihA
yfcH	yfcH
P30750	metN
P54746	mngB
P54745	mngA
yfcL	yfcL
grpE	grpE
yfcB	prmB
yfcD	yfcD
yfcE	yfcE
Q8X5Z7	yjbB
yfbU	yfbU
P41407	azoR
P30745	moaA
yffS	yffS
P30744	sdaB
Q0T9N1	psd
P30749	moaE
P30748	moaD
P0A9Z1	glnB
garR	garR
rarA	rarA
B7LW89	rnhA
yffB	yffB
B7LW98	
P0A9Z3	glnB
yfeX	yfeX
yfeY	yfeY
P05791	ilvD
P05793	ilvC
P29745	pepT
P29744	flgL
P52102	yfhL
P52101	glrK
P52108	rstA
P52106	csgD
P52107	csgC
flu	flu
B7LVY2	
rapA	rapA
Q8X5X7	aroD
yfdZ	alaC
Q0T9P8	groL
B7LW69	yaeP
yfhM	yfhM
P00909	trpC
fmt	fmt
P00903	pabA
P00904	trpGD
P40120	mdoD
yfhH	yfhH
B7LW74	
B7MI95	argB
Q8FBM1	metE
yfgL	bamB
B7LW77	fabZ
fnr	fnr
yfgM	yfgM
P41443	gspH
mtfA	mtfA
yfgC	bepA
P41442	gspG
yfgD	yfgD
B7LW80	lpxA
P41441	gspF
B7LW84	yafD
yfgA	rodZ
P71296	yagM
grxB	grxB
P71298	intF
grxC	grxC
P71297	yagN
grxD	grxD
B7LVT0	rapA
P00926	dsdA
B7LVT3	araA
B7NKX8	proS
P27128	rfaI
P27129	rfaJ
P27126	rfaS
P27127	rfaB
fpr	fpr
yfiO	bamD
xthA	xthA
yfiQ	pka
B7LW61	lpxB
P00914	phrB
yfiF	yfiF
yfiH	yfiH
B7LW64	accA
B7LW62	rnhB
B7LVU3	apaH
B7LW25	norR
P71238	wcaD
mtlD	mtlD
P71237	wcaC
P71239	wcaE
mtlA	mtlA
P0A9T2	serA
P0A9T0	serA
B7LW30	recA
fre	fre
plsC	plsC
P0A9T8	ybbA
P0A9T9	ybbA
P0A9T6	ybaQ
P0A9T7	ybaQ
P0A9T4	tas
Q8X647	pdxH
plsB	plsB
frr	frr
B7M7R5	purH
P71229	hyfR
B7LW38	panD
P0A9U3	ybiT
P0A9U1	ybhF
P60584	caiA
Q8FBA7	fsaB
B7LW41	
P0A9U8	ydiO
P0A9U5	ybiT
P0A9U6	puuR
P0A9Q9	asd
P05704	trg
P05707	srlD
P05706	srlB
P0A9R0	asd
P60595	hisH
P0A9R9	ftsE
P0A9R7	ftsE
P60596	hisH
P0A9R4	fdx
P0A9R5	fdx
P0A9R2	essD
B7NKT7	nanR
P71241	wcaJ
P71243	wcaL
P71242	wcaK
P71244	wcaM
P05719	hsdS
B7LVP7	dnaJ
P0A9S1	fucO
Q8X612	purD
B7LVQ1	rpsT
zipA	zipA
P0A9S7	livG
P0A9S8	livG
P0A9S5	gldA
P0A9S6	gldA
P0A9S3	gatD
nfnB	nfsB
fur	fur
B7M7M6	pepB
Q8X691	codB
P0A9X4	mreB
P0A9X5	mreB
P0A9X1	znuC
P0A9X9	cspA
P16429	hycC
B7LVN5	ispH
B7LVN6	
P16433	hycG
P16432	hycF
P0A9Y8	cspC
P16431	hycE
Q8X5V6	dusA
P0A9Y6	cspC
P16430	hycD
mtnN	mtnN
CON__P02668	
P0A9Y1	cspA
CON__P02666	
P60546	gmk
CON__P02662	
B7LVK4	pyrE
ihfB	ihfB
ihfA	ihfA
P58237	hisH
B7LVK2	slmA
B7LVK1	dut
P0A9V5	yiaG
P0A9V3	lptB
P0A9V1	lptB
nfsA	nfsA
P0A9V8	yihU
P61889	mdh
Q8X5U9	uvrA
Q8FBD1	fieF
P61887	rffH
B1IQ63	aroD
P04425	gshB
B1IPU6	gloB
B7LVL1	rpoZ
P0A9W6	ibaG
P0A9W3	ettA
P0A9W4	ettA
P60560	guaC
Q8FBC8	cdh
P0A9W0	ulaR
P60566	fixA
P0A9W9	yrdA
P0A9W7	ibaG
P34209	ydcF
P0A9K9	slyD
P0A9K7	phoU
REV__Q8XBJ8	
P0A9K5	ybeZ
P0A9K3	ybeZ
btuB	btuB
nfuA	nfuA
P0A9L3	fklB
P76096	mokB
P76097	ydcJ
P0A9L1	slyD
P76090	ynbA
REV__P37648	
P76091	ynbB
secY	secY
P76092	ynbC
P76093	ynbD
bcsC	bcsC
secF	secF
B7LVJ5	coaD
P0A9L8	proC
secG	secG
P76076	ydbL
secB	secB
P76077	paaA
secA	secA
P0A9L7	ppiC
P76078	paaB
secD	secD
B7LVJ7	rpmG
P0A9L5	ppiC
P76079	paaC
B7LVJ8	rpmB
P76083	paaH
P0A9M3	hpt
P76084	paaI
P76085	paaK
P00895	trpE
P0A9M1	lon
P76086	paaX
P0A9M2	hpt
P00893	ilvI
P0A9M0	lon
P76080	paaD
P00894	ilvH
P76081	paaE
P76082	paaF
P0A9I8	nirD
thiL	thiL
P0A9I5	napD
thiI	thiI
thiJ	thiD
P0A9I3	gcvR
thiG	thiG
thiH	thiH
P0A9I1	citE
thiE	thiE
thiF	thiF
rseA	rseA
thiS	thiS
rseB	rseB
thiM	thiM
B1IPI4	astD
P23522	garL
P0A9J0	rng
thiC	thiC
thiD	thiD
P23524	garK
Q8X6K2	mutH
thiB	thiB
P0A9J8	pheA
btuR	btuR
P0A9J9	pheA
P0A9J6	rbsK
P36837	dtpB
P0A9J7	rbsK
P0A9J4	panE
P0A9J2	rng
P11557	damX
P11551	fucP
btuE	btuE
P11553	fucK
P58208	mioC
P23538	ppsA
P0A9K1	phoH
P0A9K2	phoH
P77378	ydiR
P77379	rclR
P76049	ycjY
P52076	qseB
P76043	ycjQ
P77374	ynfE
P76044	ycjR
P77375	ydhX
P77376	ydgJ
P52074	glcF
P76045	ompG
P76046	ycjX
P77377	wzxC
rsgA	rsgA
P22256	gabT
P77381	djlB
P0A9P6	deaD
P22255	cysQ
P76052	abgB
P0A9P4	trxB
P76053	smrA
P0A9P5	trxB
P0A9P2	lpdA
P22259	pckA
P0A9P0	lpdA
Q8X724	rluE
P76037	puuP
P77368	ybcL
P76038	puuD
P77364	glxK
P77365	yafY
P76034	yciT
P77366	ycjU
P76035	yciW
P52086	cobC
P0A9P9	idnO
Q8X711	murB
P52094	hisQ
P0A9Q7	adhE
P52095	ldcC
rseP	rseP
P0A9Q8	adhE
P0A9Q5	accD
P76041	ycjM
P76042	ycjN
P0A9Q3	arcA
P0A9Q1	arcA
P76069	ydaY
P76065	ydaU
P77396	ypdC
P76066	ydaW
P77397	mhpA
P0A9M8	pta
P52096	yaeR
P0A9M5	gpt
P77398	arnA
P52097	tilS
P76068	ynaK
P77399	fadJ
gsiA	gsiA
gsiB	gsiB
REV__P13694	
P0A9N4	pflA
P76072	stfR
B7LVC6	tpiA
P76073	ynaE
P0A9N2	ptsO
P0A9N0	ptsO
P76071	insH5
P77389	ydhP
P0A9N8	nrdG
P76055	ttcA
P76056	intR
P0A9N6	pflA
P76057	ydaQ
pmbA	pmbA
P36879	yadG
P36881	yadI
gshA	gshA
gshB	gshB
P76061	ydaG
P76062	racR
P77393	yahL
P76063	ydaS
P76064	ydaT
P77395	cnoX
P77390	citC
rbfA	rbfA
P77334	pdeR
P0A9C1	glpA
P76004	ycgM
P52037	ygfF
P77335	hlyE
hemB	hemB
P77337	ydiS
P0A9C0	glpA
hemC	hemC
P77330	borD
P76000	ycgI
hemE	hemE
P76001	ycgJ
P77333	pgrR
P76002	pliG
hemG	hemG
P0A9C9	glpX
hemH	hemH
P66680	rph
gcd	gcd
P0A9C7	glnA
P76007	cvrA
P0A9C5	glnA
P77338	mscK
hemL	hemL
P76008	ldcA
P77339	yafT
P0A9C3	galM
hemN	hemN
selA	selA
gcp	tsaD
B7LVA3	
selB	selB
selD	selD
P0A9D2	gstA
typA	typA
P77324	paoB
P52048	yggP
P0A9D3	gstA
P52045	scpB
P0A9D0	glpX
P77326	tfaS
P52043	scpC
P52044	ygfI
P0A9D8	dapD
A8A4K6	hldE
Q8FBQ3	wecD
P0A9D6	cysE
P77328	ybbY
P0A9D4	cysE
P77329	hyfG
P00816	cynS
P00811	ampC
B7LVB3	folE
rsmA	rsmA
P77357	abgA
P0A9A0	ftnA
P76027	oppD
rsmC	rsmC
P77359	djlC
rsmB	rsmB
Q8FBP7	wecG
P76023	ychS
P77354	yafU
P52052	yggR
P0A9A8	ftsZ
P0A9A6	ftsZ
rsmE	rsmE
P0A9A2	ftnB
P65367	yqcA
tyrS	tyrS
P15078	cstA
tyrR	tyrR
P65368	yqcA
P0A9A9	fur
P52061	rdgB
P52062	yggW
P77360	yphC
P15070	fliN
P52060	yggU
P76014	dhaL
P76015	dhaK
P0A9B1	fur
P76016	dhaR
P52067	fsr
tyrA	tyrA
P76017	ycgV
P77348	mppA
tyrB	tyrB
P76010	ycgR
P76011	ymgE
P76012	ycgY
P0A9B6	epd
P0A9B4	gapA
P0A9B2	gapA
hemX	hemX
P15082	srlR
P52073	glcE
hemY	hemY
P15081	gutM
P0A9G6	aceA
P0A9G4	cueR
P0A9G2	nhaR
P0A9G0	metR
P0A9G9	modE
P0A9G7	aceA
P0A9G8	modE
ggt	ggt
P00864	ppc
ygaU	kbp
P00861	lysA
P0A9H6	btuR
P0A9H7	cfa
ygaM	ygaM
P0A9H5	btuR
thrS	thrS
P0A9H3	cadA
P0A9H1	mug
ygaD	pncC
P52007	yecM
P52005	torY
P0A9H8	cfa
P52006	nudI
P0A9H9	cheZ
thrB	thrB
thrC	thrC
thrA	thrA
P39099	degQ
P0A9E1	araC
P77315	yphD
P0A9E2	soxS
ygdR	ygdR
P0A9E0	araC
serS	serS
P0A9E9	yeiL
ygdH	ppnN
ygdI	ygdI
P77316	ybdR
Q8FBT3	glmU
P0A9E7	fnr
ygdK	csdE
P77318	ydeN
P0A9E5	fnr
ygdL	tcdA
P77319	hscC
B7LUZ7	rnc
B7LUZ5	lepA
serA	serA
P00888	aroF
serC	serC
serB	serB
ygdE	rlmM
P00887	aroH
Q7A9L5	ade
araF	araF
P77301	ybaP
P77302	dgcM
P0A9F5	cysB
P0A9F2	mntR
P77304	dtpA
P0A9F3	cysB
P0A9F1	mntR
P77300	xynR
rspA	rspA
P77309	yneJ
ygcF	queE
mdaB	mdaB
P0A9F8	gcvA
P77306	yqiK
P0A9F9	metR
P77307	fetB
P0A9F6	gcvA
P77308	ddpB
Q8FBT0	atpH
seqA	seqA
P76641	guaD
arcA	arcA
wrbA	wrbA
ygfB	ygfB
B7UIE8	secA
P37047	cdaR
Q1R4L0	pstB
U3PVA8	iroK
arcB	arcB
P76630	ygaZ
ygeO	ygeO
P76632	casB
P10805	envY
P76633	ygcW
ygeR	ygeR
glk	glk
Q8FJ83	fabA
P76639	ygeH
Q8FJ81	matP
P37028	btuF
Q1R4M9	yidC
P52696	ybhD
P52697	pgl
lacA	lacA
P26365	amiB
yghU	yghU
gmk	gmk
Q8FJ74	mgsA
P37019	clcA
yghJ	yghJ
lacI	lacI
P37016	yadK
P37017	yadL
P14377	zraS
P37018	yadM
aadA	aadA
P37024	hrpB
P37025	thpR
rbsD	rbsD
rbsC	rbsC
P63340	yqeG
nanA2	nanA2
rsuA	rsuA
Q1R4N5	dnaA
gnd	gnd
rbsK	rbsK
Q8FJ69	tusE
yggS	yggS
P76655	yqiG
yggX	yggX
P37008	yagB
P37009	fbpC
waaU	waaU
rbsB	rbsB
thyA	thyA
rbsA	rbsA
yggL	yggL
Q1RF28	allR
P76656	yqiI
Q03084	wbbD
P37005	lasT
P76657	yqiJ
yggN	yggN
P76658	hldE
P37007	yagA
P37013	norR
P37014	yfaD
yggE	yggE
yggG	loiP
ygfY	sdhE
ygfZ	ygfZ
rstA	rstA
waaA	waaA
P0CF26	insB2
argC	argC
P0CF25	insB1
argB	argB
argE	argE
argD	argD
P64619	yhdU
argA	argA
P52636	yccM
gor	gor
Q1RER9	leuS
P0CF29	insB6
P0CF28	insB5
ygjR	ygjR
P0CF27	insB3
argS	argS
argR	argR
P64610	yrbL
argT	argT
P64616	yhcO
emrA	emrA
P64612	zapE
argG	argG
argF	argF
P64614	yhcN
argI	argI
gph	gph
argH	argH
P64613	zapE
Q1RES0	lptE
ygiW	ygiW
hexR	hexR
Q1RES6	rlmH
P52647	ydbK
ygiM	ygiM
gpt	gpt
ygiN	ygiN
P52645	ydbH
P52643	ldhA
P52644	hslJ
ygiC	ygiC
ygiF	ygiF
P64627	yhfL
P0CF40	insC1
yghZ	gpr
lacY	lacY
A7ZMZ6	cmoB
P64622	yhdV
lacZ	lacZ
P64625	yheO
P64624	yheO
ygiB	ygiB
P76621	glaH
Q1RET3	lipA
P76628	ygaY
P0CF09	insA3
P0CF08	insA2
P0CF07	insA1
mukF	mukF
mukE	mukE
P64631	yhfU
P38393	kilR
P38394	ydaE
P64638	feoC
emtA	emtA
P38392	sieB
P09832	gltD
P64634	hofN
P09833	modC
P64636	yrfG
P09831	gltB
P09836	uhpC
P08506	dacC
Q1RF62	htpG
P0CF13	insA8;insA6;insA5;insA1;insA4;insA3;insA2
P76611	pinH
P0CF12	insA6
P09835	uhpB
P0CF11	insA5
P0CF10	insA4
P76616	ygaQ
P76612	ypjB
mukB	mukB
P37049	yaeI
P76613	ypjC
lrhA	lrhA
P37056	yaeF
P37057	ogrK
P37051	purU
P37052	ychJ
B1IZP1	ghrB
P37050	yadN
pmrD	pmrD
gsk	gsk
P64646	ghoT
xdhC	xdhC
P04994	xseA
P04995	sbcB
gsp	gss
B7M0C7	dapB
P68187	malK
gst	gstA
P68183	malG
Q1REF1	uvrB
Q8FIP7	rluC
P68191	sra
P52600	emrY
P13000	bioD1
P13001	bioH
Q1R4F9	rhlB
P52614	fliK
P52612	fliI
P52613	fliJ
Q1REG5	modC
Q8FIN9	tmk
P04982	rbsD
P04983	rbsA
P64608	mlaE
P15639	purH
P52627	fliZ
Q1REI5	tolB
P15640	purD
P64605	mlaD
P02338	tpr
P64604	mlaD
Q8FIM7	lolD
P64606	mlaE
P64601	yhbT
P04993	recD
P64602	mlaB
aroK	aroK
aroL	aroL
murA	murA
aroG	aroG
aroF	aroF
aroH	aroH
aroC	aroC
murE	murE
Q8FJ50	cbpA
Q0TA77	rpoC
aroB	aroB
murD	murD
murC	murC
aroE	aroE
P13029	katG
aroD	aroD
CON__Q1A7A4	
P13024	fdhE
aroA	aroA
murG	murG
murF	murF
P13033	glpB
P37001	pagP
P37002	crcB
P37003	ybfG
lamB	lamB
mdoH	mdoH
Q8FIS3	mdoH
arnB	arnB
arnA	arnA
P13039	fes
arnC	arnC
P13035	glpD
P13036	fecA
P14375	zraR
mdoB	mdoB
P02359	rpsG
P02358	rpsF
mdoG	mdoG
mdoD	mdoD
B7UHU9	yqfB
B7UHU7	ygfZ
P13009	metH
Q0TA96	sthA
P69490	ccmE
P69489	cutA
P69488	cutA
Q1R4J1	mnmG
sfcA	maeA
P13016	ampD
murQ	murQ
P32143	yihV
P69430	tatA
P32144	csqR
P69428	tatA
P69426	tatB
P69425	tatB
mdtD	mdtD
Q0TAL0	fadB
P69423	tatC
Q0TAL1	fadA
P32152	frvR
P32151	yiiG
arsR	arsR
P32139	yihR
P32132	typA
P32131	hemN
P69441	adk
P32134	yihM
P32136	yihO
P32135	yihN
P32138	yihQ
P32137	yihP
B6HZ68	murC
mutL	mutL
mutS	mutS
P69434	pgaA
P32141	yihT
P69432	pgaD
P32140	yihS
P21499	rnr
P32129	yihG
P32128	yihF
lasT	lasT
P69452	fadD
P69451	fadD
P32125	mobB
B7LNX3	
B7LNX6	hspQ
artP	artP
artJ	artJ
artI	artI
P45428	dcuD
P45420	yhcD
P45422	yhcF
P45421	yhcE
P45424	yhcH
P45423	yhcG
P45425	nanK
P04951	kdsB
B7UI00	yggU
pncA	pncA
pncB	pncB
Q1RFC4	nusB
P28916	ybfD
P28917	ydcC
Q1RFC8	nrdR
P28915	ybfC
P28912	yhhI
P28911	yhhH
P04968	ilvA
P32176	fdoG
P32177	fdhD
P16919	rhsD
P16918	rhsC
P16917	rhsB
P16916	rhsA
Q1R5D7	nikR
P32167	yiiX
P32166	menA
P32169	rhaD
P32170	rhaA
B7LNT5	trpR
P32171	rhaB
P32173	mobA
P45475	yhbV
cyaA	cyaA
hflX	hflX
Q8FJL3	fsaA
B7MQW3	rlmC
hflB	ftsH
P45470	yhbO
hflC	hflC
Q2MB16	yobH
hflD	hflD
P45472	yhbQ
P56100	cydX
P16926	mreC
P32154	frvB
P32153	frvX
P32156	rhaM
P04949	fliC
P32155	frvA
P32157	yiiM
hflK	hflK
P32160	yiiQ
P69412	rcsF
P69411	rcsF
P28905	holC
P32162	yiiS
P45464	lpoA
P28903	nrdD
P28904	treC
P45463	ttdR
P45465	yraN
Q8FJK5	rimO
P45468	yraQ
P45469	yraR
P0CE49	insH1
P0CE48	tufB
P07109	hisP
P0CE47	tufA
P0CE44	uidB
nhaB	nhaB
engD	ychF
engB	engB
engA	der
Q8FJB1	msbA
P63284	clpB
P63286	clpB
P0CE52	insH4
P0CE51	insH3
P0CE50	insH2
cycA	cycA
P22731	livF
P07118	valS
cyaY	cyaY
P07117	putP
P0CE58	insH11
P0CE57	insH10
P0CE56	insH9
Q0TAD8	glpK
P76594	pka
P0CE55	insH8
P0CE54	insH7
P0CE53	insH6
hfq	hfq
B7LNS4	deoD
P21418	ydfC
B7UHL8	fucI
Q0TAE8	pfkA
B7LNS2	deoA
B7LNS3	deoB
B7LNS1	deoC
Q1RF98	clpP
yhbN	lptA
Q1RF97	clpX
yhbC	rimP
yhbH	hpf
yhbJ	rapZ
A7ZN02	argS
yhaJ	yhaJ
hha	hha
yhaO	dlsT
Q47539	tauC
Q47538	tauB
Q47537	tauA
P58720	yrfF
Q47536	yaiP
Q47534	yaiO
P22729	livM
cydD	cydD
cydB	cydB
cydC	cydC
P07102	appA
cydA	cydA
P52598	ygbI
P32106	yibG
yhdN	yhdN
P32109	yibJ
P32108	yibI
P76561	ypfH
P76562	tmcA
yhdE	yhdE
yhdH	acuI
cheB	cheB
P76569	yfgD
P52599	emrK
cheA	cheA
yhdL	arfA
P64574	yghW
cheZ	cheZ
P64570	yqgC
P64572	yghR
cheY	cheY
cheW	cheW
cheR	cheR
P64578	higB
P76553	eutG
yhcM	zapE
P76555	eutQ
P76556	eutP
P76550	yffS
P76551	eutA
P76552	eutH
P64590	yhaH
P76558	maeB
P76559	ypfG
dkgA	dkgA
P64585	yqjE
Q1R4Y7	gpsA
P64588	yqjI
P64581	yqjD
yhcB	yhcB
P64583	yqjD
yhbS	yhbS
yhbW	yhbW
P22787	yifB
yhbY	yhbY
yhbZ	obgE
P76586	yphH
P34749	hofQ
yhfS	yhfS
P76584	yphB
P76585	yphG
B7NU26	ilvD
P64596	yraP
P64599	yhbT
yhfA	yhfA
P64598	yraP
P64592	yhaI
P64594	yhaV
P63264	cbpM
P21420	nmpC
P76575	yfgJ
P76576	yfgM
yheO	yheO
P76577	pbpC
P76578	yfhM
yheS	yheS
P76573	yfgI
yheT	yheT
B1IYW7	metG
P21437	yggF
yhhX	yhhX
Q1RDL3	UTI89_C1067;ECP_1003;c1140;wrbA;BWG_0858;E2348C_1055;ECIAI39_2150;ECUMN_1186;ECS88_1018;ECIAI1_1048;EC55989_1114;ECSE_1066;ECDH10B_1076;EcSMS35_2120;EcolC_2591;EcHS_A1117;EcE24377A_1122
hmp	hmp
yhhK	panZ
P38489	nfsB
yhhM	yhhM
yhhA	yhhA
rcsF	rcsF
rcsC	rcsC
rcsB	rcsB
Q8FHU5	ribA
P0CG19	rph
P37147	fxsA
hns	hns
yhgF	yhgF
C1P5Z7	sgrT
C1P5Z8	ykgR
C1P5Z9	ymiB
yhjU	bcsG
gcvP	gcvP
gcvT	gcvT
yhjC	yhjC
yhjE	yhjE
P37146	nrdF
yhjH	pdeH
yhjJ	yhjJ
gcvA	gcvA
gcvH	gcvH
mviM	yceM
yhjA	yhjA
P76773	ompL
P10902	nadB
P10903	narK
P10905	ugpA
B7LPL6	htpX
hpt	hpt
P37127	aegA
P37128	nudK
yhiH	rbbA
yhiI	yhiI
B7M1M1	rpsN
P10906	ugpE
P10907	ugpC
P10908	ugpQ
cyoA	cyoA
cyoB	cyoB
B7LPI4	ruvB
P22939	ispA
entF	entF
entE	entE
entC	entC
entB	entB
Q1RE21	serS
Q1RE29	aat
P37194	slp
P37195	dctR
P37197	yhjA
P63417	yhbS
P09980	rep
P63419	yhbS
Q1RE30	infA
P37188	gatB
Q1R3P3	lexA
Q1R3P5	plsB
P37180	hybB
dksA	dksA
P37182	hybD
P08622	dnaJ
melA	melA
Q1RE41	clpS
Q1RE44	macB
Q1RDS7	asnS
Q8FHW7	yciY
B7LPH0	
B7LPH3	cmoB
B7LPH4	cmoA
Q1R3Q1	malK
P37177	ptsP
pntB	pntB
pntA	pntA
cysK	cysK
B7LPE7	speB
cysI	cysI
cysJ	cysJ
cysG	cysG
Q1R3B6	groL
REV__B7MI95	
cysH	cysH
cysE	cysE
cysC	cysC
cysD	cysD
cysA	cysA
asmA	asmA
cysB	cysB
P15770	aroE
cysU	cysU
cysS	cysS
cysQ	cysQ
cysP	cysP
menD	menD
cysM	cysM
menC	menC
cysN	cysN
menB	menB
Q1R3C4	dsbD
P40719	qseC
P40711	arfB
P40710	nlpE
guaC	guaC
B7LPC4	zapA
B7LPC3	ygfB
B7N4F3	ttcA
B7LPC8	
guaA	guaA
guaB	guaB
asnA	asnA
asnB	asnB
asnS	asnS
cytR	cytR
B7LPA4	prfB
P26459	appC
P26458	appB
Q8FI24	nhaB
B7LPB7	gcvP
aspC	aspC
aspA	aspA
aspS	aspS
B7LPB9	gcvT
metN	metN
metL	metL
metR	metR
metQ	metQ
metC	metC
metB	metB
metA	metAS
metG	metG
metF	metF
metE	metE
metK	metK
metJ	metJ
metI	metI
metH	metH
lsrB	lsrB
lsrF	lsrF
lsrG	lsrG
betB	betB
P45581	stfP
fabR	fabR
P33596	recX
P33594	nikE
P33595	sgrR
fabI	fabI
fabH	fabH
P33599	nuoC
fabG	fabG
frdA	frdA
frdB	frdB
P45578	luxS
fabZ	fabZ
P45577	proQ
P45579	hcxA
P45570	ybcI
astC	astC
astB	astB
fabF	fabF
fabD	fabD
fabB	fabB
P33593	nikD
fabA	fabA
P33590	nikA
P33591	nikB
P45563	xapA
P45562	xapB
P45565	ais
P45564	yfeN
P45566	yhdT
P45568	dxr
P56259	yifN
P56258	wecF
P46890	ybaE
P56257	ykgL
P56256	ysaA
gdhA	gdhA
fadR	fadR
P46891	cof
fadL	fadL
fadJ	fadJ
fadI	fadI
faeG	faeG
P45552	yhfZ
P46883	tynA
rdgB	rdgB
P45551	yhfY
P56262	ysgA
rdgC	rdgC
P46887	yecH
P46889	ftsK
P46888	uspC
P45550	yhfX
P45549	yhfW
fadH	fadH
P45548	php
P46879	yqgD
fadE	fadE
P33570	tktB
fadD	fadD
fadB	fadB
fadA	fadA
P45541	frlC
P45543	frlD
P45545	yhfS
P45544	frlR
P21599	pykA
P45546	yhfT
icc	cpdA
P15723	dgt
icd	icd
P69503	apt
P69506	ytfE
P14407	fumB
P68206	yjbJ
P68207	yjbJ
P02413	rplO
Q1RDT3	mukB
P0CF69	insE4
P0CF68	insE3
yibL	yibL
P0CF67	insE2
P0CF66	insE1
yibN	yibN
yibP	envC
Q1RE59	ybjQ
yibF	yibF
P0CF73	insE7;insE6;insE5;insE4;insE3;insE2;insE1;insE
P0CF70	insE5
yiaJ	yiaJ
P0CF79	insF1
Q1RDU6	ihfB
Q1RDU8	cmk
yiaD	yiaD
yiaF	yiaF
Q1R448	engB
P0CF83	insF5
P0CF82	insF4
P0CF81	insF3
P0CF80	insF2
Q1RDU1	ycaR
P0CF45	insC6
P0CF44	insC5
P0CF43	insC4
yidQ	yidQ
P0CF42	insC3
yidR	yidR
P0CF41	insC2
yidE	yidE
ECP3132	ECP3132
P21503	ycaD
B7NUX4	ispE
yidA	yidA
P21507	srmB
Q1RDV0	aroA
P0CF58	insD6
frmR	frmR
P0CF57	insD5
P0CF56	insD4
P0CF55	insD3
P0CF54	insD2
P0CF53	insD1
yicC	yicC
yicE	xanP
yicH	yicH
frmA	frmA
P21515	acpH
frmB	frmB
P21514	pdeL
P21513	rne
Q1R466	fadB
P37095	pepB
P21517	malZ
B1IZT7	mtfA
P08550	cvpA
P0CF60	insD8
yibT	yibT
B7NUY4	dtd
P08555	dsdX
P33554	ppdA
yifL	yifL
P45537	yhfK
P45539	frlA
yifE	yifE
P45530	tusB
nifU	iscU
P45532	tusD
P45531	tusC
polA	polA
yieF	chrR
B7M0P9	aroD
P45527	yhbU
P46857	yrhB
P46859	gntK
P46850	rtcB
P46852	yhhW
P45523	fkpA
P46854	aaaT
P46853	yhhX
P45522	kefB
P46856	yrhA
ltaE	ltaE
yidZ	yidZ
P46855	yhhZ
P45524	yheT
B7NDR0	rsmB
P0CF89	insI3
B1IZZ1	uvrC
P0CF88	insI1
P0CF86	yfjU
yihI	yihI
P63390	yheS
frsA	frsA
A8DYQ1	ythA
accB	accB
accA	accA
imp	lptD
accD	accD
accC	accC
P63386	mlaF
P46846	gntX
P46849	rtcA
P63388	mlaF
B7NV51	metE
P63389	yheS
yihD	yihD
P0CF93	insL3
P0CF92	insL2
P0CF91	insL1
P0CF90	insI4
yigP	ubiJ
wcaI	wcaI
P76692	yzgL
yigI	yigI
yigL	yigL
P62066	yceQ
P45505	yfaH
Q1R3Y9	rraA
P46837	yhgF
yigB	yigB
P45508	yfaL
A8DYP9	uof
gutQ	gutQ
P77730	ydcR
P77731	allA
P77732	rhmR
P76402	yegP
P77733	focB
Q8FGT6	yobH
Q8FH55	sufE
P76407	yegS
fruA	fruA
P77739	yniA
fruB	fruB
P76403	yegQ
P77735	yajO
P77736	yahD
aceF	aceF
yijP	eptC
P77737	oppF
P76406	yegR
aceE	aceE
P38134	etk
P38135	fadK
P77721	ydjF
yiiS	yiiS
B7NFU7	purH
yiiM	yiiM
P77726	yajR
B7N653	dapE
P39453	torS
P14175	proV
P64423	zntB
aceB	aceB
P14176	proW
aceA	aceA
yiiD	yiiD
P39452	nrdE
P39451	adhP
P64429	ypfJ
yihX	yihX
ruvB	ruvB
ruvA	ruvA
P64426	yddW
P76421	yegX
P76422	thiD
P77754	spy
P76423	thiM
Q8FH30	ydiU
P76425	rcnA
P77756	queC
P38104	rspA
P77757	arnC
P38105	rspB
P77759	ylbH
P64432	ypjD
P64431	ypfJ
P65765	fkpA
P64439	ybjM
P64435	ybcW
P77743	prpR
P77744	abgR
CON__P13647	
Q8FGQ2	cutC
P76418	yegU
P76419	yegV
CON__P13645	
P77746	ybdO
P77747	ompN
P76417	yegT
P77748	ydiJ
P64442	yceO
P38101	eamB
nikR	nikR
P64445	ynaJ
fruK	fruK
fruR	cra
P64448	ynbE
fryC	fryC
Q1RCN4	pth
Q8FH99	add
B7N5N4	rbn
P23908	argE
Q8FH92	rsxE
P23909	mutS
zur	zur
potF	potF
REV__Q8FJB1	
potG	potG
P23917	mak
potA	potA
P23910	araJ
potD	potD
P77716	ycjP
zwf	zwf
P77717	ybaY
P77718	thiI
Q1RD19	nudJ
P77712	fadM
P77713	yagH
P77714	ydiT
B7UKC3	malT
cirA	cirA
P77700	yahB
Q1RCQ5	cvrA
Q1RD26	pepT
Q1RCQ9	fadR
Q93K97	nudF
ivy	ivy
P77704	ydjI
Q8VWE6	lrhA
ackA	ackA
Q1R309	pyrB
acnA	acnA
acnB	acnB
REV__P37009	
nirB	nirB
poxB	poxB
P28721	gltF
P28722	yhcA
REV__P76639	
atpF	atpF
atpE	atpE
atpH	atpH
atpG	atpG
atpB	atpB
atpA	atpA
REV__Q8FJ36	
atpD	atpD
atpC	atpC
recD	recD
P27431	roxA
recA	recA
Q8FH13	cedA
P58578	gshB
P39414	ttdT
P69229	baeR
P69228	baeR
fbaB	fbaB
fbaA	fbaA
acrA	acrA
acrB	acrB
Q8FH06	nadE
B7LQD8	tsaD
B7LQD9	rpsU
P39407	yjjU
P39406	rsmC
P39409	yjjW
P39408	yjjV
P39405	fhuF
P39404	bglJ
acpP	acpP
P39410	yjjJ
P39411	yjjX
P27434	rodZ
P39401	mdoB
P39400	lgoD
actP	actP
B7LQA9	
Q1RCI7	clsA
O32583	thiS
P33234	adiY
P33231	lldP
P33232	lldD
P33235	flgK
P33236	mokC
Q47377	arnE
P33228	recT
P60869	ybjL
P33229	ralR
P33222	yjfC
P33221	purT
Q1R2Z4	pepA
P33226	torC
P33227	stfE
P33224	aidB
P33225	torA
B7NFE7	fadB
P33230	rcbA
P22586	fliO
P33219	yebF
P23890	cadC
P33218	yebE
P69210	mdtI
P23886	cydC
P60872	yidE
P23882	fmt
P23883	puuC
P69222	infA
P69212	mdtJ
P22564	rihC
P23898	nlpC
P23893	hemL
P23894	htpX
P23895	emrE
B7M1Z9	proS
P76399	mdtC
P76395	pphC
P76396	yegL
Q59385	copA
P76397	mdtA
P76398	mdtB
P16703	cysM
P16701	cysU
P16700	cysP
ppiA	ppiA
ppiB	ppiB
ppiC	ppiC
ppiD	ppiD
B7LPX2	yqhA
yjaH	yjaH
Q1R3A2	epmA
yjaG	yjaG
Q8FHG6	gadC
relB	relB
P60844	aqpZ
relA	relA
B7M1Y5	lpxB
P77698	ybcK
Q1RCR1	dsbB
P77699	tfaD
P76369	yeeY
P76362	yeeS
P77694	ecpD
P76364	cbeA
P77695	gnsB
yjdC	yjdC
P23827	eco
yjcZ	yjcZ
B7LQ77	ihfA
P38097	dgcE
yjdB	eptA
P08200	icd
P08201	nirB
P76372	wzzB
P08204	araB
B7LQ73	rpmI
B7LQ74	rplT
P08202	araA
P08203	araD
Q1RCS3	minE
P76356	yoeA
P77688	ylbG
P77689	sufD
P77682	yfdG
P76352	yeeO
yjcO	yjcO
yjcD	ghxP
P76359	yeeP
yjcH	yjcH
B7M1W8	bioH
P23839	yicC
tktA	tktA
Q1R324	fbp
tktB	tktB
P23836	phoP
P23837	phoQ
P23830	pssA
P77690	arnB
yjbR	yjbR
P76361	yeeR
P77692	ykfI
P09546	putA
P76389	yegH
P76387	wzc
B7LPT3	mltC
P76393	yegI
P76394	yegJ
B7LPT2	yggX
Q1RD67	plsX
P76373	ugd
yjeP	mscM
Q1RD68	rpmF
yjeE	tsaE
yjeF	nnr
yjeI	yjeI
P39399	lgoR
P39398	lgoT
P39394	symE
P39396	btsT
P39391	yjiT
P39390	yjiS
P39393	yjiV
Q1RD62	acpP
P76322	yedM
P76323	intG
yjhP	yjhP
P51025	frmB
P51024	yaiL
P77656	yfdK
ldcA	ldcA
P77650	hcaD
yjhU	yjhU
P51020	mhpE
B7LPQ9	metK
P77657	yagK
P77658	ynaA
P11880	murF
P76329	yedP
yjhC	yjhC
P23869	ppiB
B7LPR5	
B7LPR6	yqgF
P08244	pyrF
P08245	yciH
P23865	prc
Q1RD70	yceF1;yceF
P23862	priC
yjgP	lptF
yjgQ	lptG
yjgR	yjgR
Q47319	yfiP
P76319	yedL
yjgF	ridA
P76316	dcyD
yjgK	tabA
P76318	yedK
P77649	ydiU
yjgM	yjgM
yjgA	yjgA
P23878	fepC
yjgB	ahr
Q1R369	ulaR
yjgD	rraB
B7LQ46	
P23874	hipA
P23876	fepD
P23877	fepG
B7LPS0	yggU
P23871	hemH
P23872	aes
P23873	hipB
P76344	zinT
P76345	yodB
P76346	mtfA
P76347	yeeJ
P09549	dedD
P76340	hprR
P77671	allB
yjjU	yjjU
P76341	hiuH
P77672	lsrC
P11866	tdcR
P76342	msrP
P11868	tdcD
P77674	prr
P76343	msrQ
P11865	yhaB
yjjK	ettA
Q1R382	nsrR
P11864	yhaC
P76349	yeeL
P23849	trkG
yjjA	yjjA
P23845	cysN
P63020	nfuA
P23847	dppA
yjjG	yjjG
P23841	xapR
P23842	pdeA
P09551	argT
P23843	oppA
P76350	shiA
P09557	dicB
P23840	dinD
Q1RD95	pyrC
P76334	yedR
P76335	yedS
P77667	sufA
P76330	dgcQ
P11875	argS
P77668	hyfI
P76339	hprS
Q1R397	psd
Q47334	kpsF
yjiA	yjiA
P22525	ycbB
P23857	pspE
P22524	mukE
P22523	mukB
P76520	yfdX
ompF	ompF
P76521	yfdY
P26266	fepE
ompC	ompC
vacJ	mlaA
Q1RBH1	cnu
B7LRQ7	mscL
P76524	ypdF
P77858	hyfC
B7LRR1	rplQ
Q1RBG8	rsxB
P64530	rcnR
P63201	gadW
B7LS30	yciU
B7LRR3	rpsD
eptA	eptA
B7LRR4	rpsK
ppsA	ppsA
ompA	ompA
P64534	rcnB
P63204	gadE
P64536	yeiS
P76510	yfdN
P76512	yfdP
P76518	yfdE
B7LRR7	rplO
B7LRR8	rpmD
P76513	yfdQ
P76514	yfdR
P76515	yfdS
P76516	yfdT
P64542	ypeC
B7LRS2	rpsH
P64541	yfcL
B7LRS3	rpsN
B7LRS0	rplR
B7LS40	rplC
B7LS41	
P14294	topB
B7LS46	fusA
B7LRS6	rplN
B7LS47	rpsG
B7LRS7	rpsQ
P64540	yfcL
B7LRS4	rplE
P65871	queD
P65870	queD
B7LRS5	rplX
P64546	yfgG
P64545	yfgG
P64548	yfiR
P76542	intZ
P76543	yffL
P76544	yffM
mglC	mglC
P76545	yffN
mglB	mglB
P76540	eutK
P76541	eutL
P76546	yffO
P76547	yffP
P76548	yffQ
P76549	yffR
P64555	queE
P64554	queE
P63224	gmhA
dmsD	dmsD
B7N6S3	gshA
P64550	alaE
P64557	ygfM
mglA	mglA
P64559	sdhE
P63228	gmhB
bglX	bglX
ldhA	ldhA
P76539	ypeA
P76535	murQ
P76536	yfeX
adhE	adhE
P76537	yfeY
B7LS19	trpB
P76538	yfeZ
P64564	yggT
ompW	ompW
A8A0M6	sufS
ompX	ompX
P64566	yggT
P63235	gadC
bglA	bglA
ompR	ompR
B7LRQ5	
P64562	yqfE
ompT	ompT
B7LRQ3	def
pptA	pptA
P64567	yqgB
Q8FFV3	cdd
P08400	phoR
P08401	creC
P77804	ydgA
B7LRN6	fis
P77806	ybdL
B7LRN4	prmA
P77802	ecpC
P77808	yfaY
P22708	traD
P64506	yebY
P64508	yobF
P64504	yebV
P64503	yebV
ileS	ileS
P76500	yfcQ
P76501	yfcR
P76506	mlaA
P76507	yfdI
P76508	yfdL
P26281	folK
P76509	yfdM
Q8FG52	hisD
P76502	sixA
P76503	fadI
Q8FG50	hisB
P76505	yfdF
B7LRL0	
Q7DFU6	yghX
P64517	yodC
P64516	yecN
P64519	yodD
P64512	mgrB
P64515	yecN
Q1RC02	azoR
tldD	tldD
P64521	yeeT
Q7DFV4	ymdE
Q7DFV3	ymgG
P64524	cbtA
P64526	yeeW
P68066	grcA
P68067	grcA
rfaF	rfaF
rfaG	rfaG
B7LRJ9	rplM
P32099	lplA
P16869	fhuE
B7LRJ3	nanA
Q8X9Z9	leuB
Q8X9Z2	murE
P65807	ygeY
Q8X9Y8	murG
Q8X9Y6	ddlB
mgtA	mgtA
A8A0T8	astD
P20099	bisC
P45394	yrbG
valS	valS
P45395	kdsD
rfaQ	rfaQ
Q8X9X2	yncE
rfaY	rfaY
Q8FFG4	fadJ
mgsA	mgsA
P27550	acs
P69348	yoeB
P69346	yefM
P26218	bglH
Q1RBE3	rnt
B7MDH8	hisA
P28861	fpr
B7N6F1	acpS
Q1RBF5	anmK
P69367	mdtH
rffG	rffG
P69380	fieF
rffA	wecE
P33354	yehR
P33355	yehS
P33352	yehP
P33353	yehQ
P33358	mlrA
P33359	yehW
dnaX	dnaX
P33361	yehY
P33362	yehZ
katE	katE
luxS	luxS
P33360	yehX
P21365	yciC
P21363	yciE
B7N6D8	glyA
P21362	yciF
katG	katG
P21369	pncA
P21367	ycaC
P33349	yehM
dnaB	dnaB
dnaA	dnaA
P33343	yehD
P33344	yehE
P04805	gltX
P33341	yehB
P33342	yehC
P33347	yehK
P33348	yehL
P33345	yehF
P33346	yehI
dnaQ	dnaQ
dnaN	dnaN
dnaK	dnaK
dnaJ	dnaJ
P69330	citD
Q47269	ybcN
Q47268	ylcH
Q47274	quuD
P33340	yehA
Q47272	ylcG
hinT	hinT
Q47270	ninE
P60995	hisL
P0CD93	ymjD
P21345	gltP
P21361	yciG
P08390	usg
P08394	recB
P08395	sppA
P20083	parE
pqiB	pqiB
P60932	uppP
P04846	nlpA
P32055	fcl
P32057	wcaI
P32056	gmm
ilvD	ilvD
hisB	hisB
ilvC	ilvC
hisC	hisC
hisD	hisD
ilvE	ilvE
hisF	hisF
ilvH	ilvH
hisG	hisG
ilvG	ilvG
hisH	hisH
ilvI	ilvI
hisI	hisI
hisJ	hisJ
P04816	livK
ilvN	ilvN
ilvM	ilvM
hisP	hisP
hisQ	hisQ
ftnA	ftnA
P32051	ydeK
P32053	intA
P60955	lgt
ilvB	ilvB
ilvA	ilvA
hisA	hisA
P04825	pepN
P33366	yohD
P33363	bglX
P33369	mdtQ
P33368	yohF
P33371	dusC
P76483	yfbM
P76484	yfbN
P76485	yfbO
P76486	yfbP
P64499	yebO
P64494	yoaF
P64493	yoaF
P64496	yoaG
ykfB	ykfB
P76491	yfbR
Q1RC23	zntB
P76472	arnD
P76473	arnT
P76474	arnF
P60906	hisS
P63183	kup
P63177	rlmB
A7ZQ54	grpE
hisS	hisS
P63179	rlmB
P07000	pldB
P76481	yfbK
P07001	pntA
P76482	yfbL
P08331	cpdB
P07004	proA
P07003	poxB
P08337	mutT
Q8FFX8	metG
ftsA	ftsA
A7ZPU2	purM
P76498	yfcO
P76499	yfcP
Q1RC43	ycjF
ykgE	ykgE
REV__A5A624	
P23930	lnt
A7ZPV1	guaA
P08312	pheS
P77774	bamB
P77775	yfcH
P76445	lpxT
kbaZ	kbaZ
P76446	pdeN
P76440	preT
Q1RBT8	sra
pqqL	pqqL
Q47208	fdrA
P77779	ybfO
V9HVX0	ypaA
P64453	ortT
B7LR52	rpmA
P64455	ydcY
B7LR53	rplU
P64452	ydcL
P64451	ydcL
P08365	chpS
P08369	creD
B7LR50	obgE
P64457	ydcY
P64459	yncJ
P08368	creB
P77766	yciV
ftsX	ftsX
ftsY	ftsY
ftsZ	ftsZ
wecG	wecG
sixA	sixA
P77768	rpnB
ftsE	ftsE
P64467	cnu
P21338	rna
ftsH	ftsH
P08372	ppdC
P64461	lsrG
P08373	murB
P64463	ydfZ
P08370	ygdB
P08371	ppdB
wecC	wecC
wecB	wecB
P76466	yfaT
P76461	atoB
P11988	bglB
P76462	yfaP
P76463	yfaQ
P77795	ydcT
P11989	bglG
P76464	yfaS
P64481	ydjM
P76469	rhmA
P64476	ydiH
B7LR33	pnp
P64477	ydiH
B7LR36	rbfA
P64471	ydhI
B7LR37	
P64474	ydhL
B7LR34	rpsO
P07010	rem
P76470	rhmT
P07013	priB
P07012	prfB
P76471	yfaZ
P22634	murI
P64479	ydiZ
P07014	sdhB
P07017	tar
P07018	tap
P77788	nudG
P77781	menI
P77783	ynfF
P64490	yoaC
P64491	yoaC
B7LR39	rimP
P77789	ydeS
P76458	atoD
P76459	atoA
P64488	yeaR
P64483	yeaK
P64485	yeaQ
P64484	yeaK
B7LR46	rlmE
P07021	yfiB
P07024	ushA
P77790	ddpX
P76460	atoE
P77791	maa
P07023	tyrA
P07026	sdiA
B7LR40	
P75793	ybiW
P0AD03	yebS
P08956	hsdR
Q8XAS9	maeA
P33913	yejA
P08957	hsdM
P07623	metAS
P75792	ybiV
P75791	ybiU
P0AD01	dcuR
Q8XAS7	wecA
P33916	yejF
P75797	gsiB
P75796	gsiA
P0AD00	cusR
P75794	ybiY
P33915	yejE
P75799	gsiD
P75798	gsiC
B7LKC0	ndk
P0AD07	yecF
P0AD05	yecA
B7LKC3	ispG
ksgA	rsmA
Q1R8T7	ypeA
P33919	radD
P0AD14	btsS
P75782	rlmF
Q8XAR8	wecB
P0ACP5	gntR
P0AD12	yeeZ
P75780	fiu
xylF	xylF
P0ACP3	cra
P0AD13	yeeZ
P0AD10	yecJ
P07639	aroB
P0ACP1	cra
P75785	opgE
P0AD11	yecJ
P75783	ybiO
P75788	ybiR
P0ACP8	purR
P0AD19	yohK
B7LKD4	guaA
P0ACP6	gntR
P0ACP7	purR
P0AD17	yohC
Q1R8U4	murQ
P20605	fic
P0C960	emtA
P0ACM1	pdhR
P24186	folD
P0ACM2	rspR
B7NQG9	hisC
P07604	tyrR
P24188	yceA
P24181	acrF
P24182	accC
P24183	fdnG
P0ACM9	yihL
P0ACM7	yegW
P24180	acrE
P0ACM5	yegW
P0ACM3	rspR
P24178	yffB
P0ACN2	ytfH
P24197	ygiD
P0ACN0	yihL
P24192	hypD
P24193	hypE
Q8XAP1	cyaA
B7LKB1	iscA
P0ACN9	cytR
P0ACN7	cytR
P0DM85	crfC
P0ACN4	allR
B7LKB2	hscB
Q1R981	yfcN
P61175	rplV
P0AD47	yphA
P0ACS7	rpiR
P0ACS8	rpiR
P0ACS5	zntR
P0AD45	qseG;yfhG
P0ACS6	zntR
P0AD44	yfhG
Q8XAW7	rbsA1;rbsA
P0ACS1	mprA
P0AD41	ypeB
P0AD42	pgpC
P75750	ybgQ
P0ACS2	soxR
P75757	zitB
P50457	puuE
P0AD49	raiA
P0ACS9	acrR
mhpR	mhpR
P50456	mlc
Q1R996	accD
P0ACT0	acrR
znuA	znuA
P0AD51	raiA
Q8XAW1	hdfR
P0ACT8	uidR
P0AD59	ivy
P0ACT6	uidR
P0AD57	ispB
P75742	dtpD
P75741	ybfL
P0ACT2	envR
P0AD53	ygaC
P75746	pxpA
P75745	pxpC
P33941	yojI
P50466	aer
P75749	ybgP
P50465	nei
P75748	ybgO
P18335	argD
P75747	abrB
P33940	mqo
P0AD61	pykF
zntA	zntA
P05020	pyrC
P0ACU2	rutR
P0AD62	pykF
Q8XB75	hiuH
P0ACU0	cecR
zntB	zntB
P0AD60	ivy
Q0TEI3	alaS
P33934	napH
P75770	ybhN
P0ACQ6	oxyR
P07648	recC
P0ACQ4	oxyR
P0AD24	yejL
P0AD21	yejG
P07649	truA
P0ACQ2	rbsR
P0AD22	yejG
P0ACQ0	rbsR
P33937	napA
P75779	ybiX
P75777	ybhG
P0AD29	yejM
P33931	ccmA
P0AD27	yejM
P0ACQ7	tdcA
P19624	pdxA
P07650	deoA
B1IVI7	fdhE
P07654	pstA
P0ACR6	yeiE
P0ACR7	yfeR
P33924	yejO
P0AD37	yfeC
P0ACR4	yeiE
P0AD34	yfcZ
P0AD35	yfdO
P07658	fdhF
Q8XB59	mdoB
P0ACR2	ydhB
P75764	ybhJ
P33927	ccmF
P75763	ybhI
P0AD33	yfcZ
P0AD30	yfcA
P0ACR0	allS
A1ACN7	hisF
P75767	ybhK
A1ACN3	hisC
P19642	malX
P33920	yejK
P0AD38	yfeC
P75769	ybhM
P0ACR9	mprA
P19636	eutC
P0AD40	ypeB
P08997	aceB
Q1R8L7	rodZ
B7LJZ2	
Q1R8L9	hisS
P75713	allE
P0ACG4	hokC
P75712	ybbW
P75711	ybbV
P0ACG1	stpA
P0ACG2	stpA
P75717	exoD
P0ACG0	hns
P75715	sfmH
P37440	ucpA
P75719	rzpD
P75718	renD
P37443	ycaI
P0ACG8	hslR
P0ACG6	hokD
P0ACH5	marA
P0ACH0	hslR
P0ACH1	sfsB
P75704	ykiA
P13482	treA
P0ACH8	melR
P0ACH6	marA
lepA	lepA
lepB	lepB
P63737	carB
B7LK93	rbsD
P0ACE1	hybC
P75734	chiQ
P75733	chiP
P0ACE0	hybC
P13445	rpoS
P75737	ybfP
P75736	ybfF
fucU	fucU
P0ACE7	hinT
P0ACE8	hinT
P0ACE5	hha
P0ACE3	hha
P63746	eutS
B7LJX9	moaC
P0C8J8	gatZ
P0C8J6	gatY
P0ACF2	hupA
P0ACF0	hupA
P13458	sbcC
fucO	fucO
P75728	ubiF
P75726	citF
avtA	avtA
P0ACF8	hns
P0ACF6	hupB
P0ACF4	hupB
P25437	frmA
P0C8K0	kbaZ
P0ACK0	crp
leuS	leuS
P0ACK7	deoR
P0ACK8	fucR
P0ACK5	deoR
REV__P03038	
P0ACK4	agaR
P0ACK2	agaR
queF	queF
leuB	leuB
leuC	leuC
queA	queA
queD	queD
leuA	leuA
queC	queC
B7LK76	atpC
leuD	leuD
B7LK79	atpA
B7LK77	atpD
B7LK78	atpG
P0ACL0	glpR
P24174	manC
P24175	manB
P24177	acrD
B7LK82	atpE
P24171	dcp
B7LK83	atpB
Q8XAN1	patA
B7LK80	atpH
P24173	rfaC
B7LK81	atpF
P0ACL9	pdhR
P0ACL6	glcC
P0ACL7	lldR
P0ACL5	glcC
P0ACL2	exuR
P0ACL3	exuR
B7LJW4	ybhG
P24169	speF
B7LK50	tnaA
B7LJT0	
P0ACI5	xylR
P0ACI6	asnC
P0ACI3	xylR
P0ACI1	rob
P0ACI0	rob
P0ACI8	asnC
B7LJT8	ccmE
pabB	pabB
P0ACJ5	decR
P0ACJ2	lrp
P0ACJ0	lrp
P0ACJ8	crp
REV__B7M2G2	
Q8XBE0	dapE
P67244	yqhA
B7LJR2	yeiP
B7LK34	dgoD
prfA	prfA
prfB	prfB
prfC	prfC
lexA	lexA
B7LK49	mnmE
fdhE	fdhE
B7LK46	rnpA
B7LJS7	
priC	priC
Q0TEV3	trmJ
Q0TEV5	iscS
B1IUS8	cysN
lgt	lgt
P55293	rfbB
REV__P0A9P2	
B7LK29	ibpA
B7LJQ3	iscR
prkB	prkB
P0ACC7	glmU
P0ACC3	erpA
P0ACC1	prmC
P0ACC9	wcaB
miaB	miaB
P0ACD8	hyaB
B7LK04	gpmA
P0ACD6	iscU
fumA	fumA
P0ACD4	iscU
P69874	potA
fumC	fumC
P0ACD2	wcaF
B7LK02	galK
P56579	srlA
prmA	prmA
Q0TEZ0	upp
afaB	afaB
P0ACA5	sspA
P0ACA3	sspA
P0ACA1	yibF
P0ACA2	yibF
P56580	srlE
P0ACA7	gstB
P0ACA8	gstB
P55253	rfbA
prlC	prlC
P0ACB6	hemG
P0ACB7	hemY
P0ACB4	hemG
P68567	rsmJ
P68568	rsmJ
P0ACB2	hemB
P0ACB0	dnaB
yleA	miaB
B6I6K0	fucI
P0ACB9	hemY
proA	proA
proB	proB
proC	proC
P0ABU8	exbB
P0ABU9	tolQ
P0AC69	grxD
P0ABU7	exbB
P0AC64	grxC
P0AC65	nrdH
P0ABU5	elbB
B7LJI7	folD
fusA	fusA
P69824	cmtB
P21889	aspS
erpA	erpA
P69822	ulaB
P21888	cysS
P69820	ulaC
P0AC73	ebgC
P0ABV4	exbD
P0AC71	grxD
P0ABV2	exbD
P69829	ptsN
P69828	gatA
P0ABV0	tolQ
P69826	cmtA
P0AC77	waaA
P0AC78	wecA
P0ABV8	tolR
P0AC75	waaA
P0ABV6	tolR
P45848	yciQ
lnt	lnt
P69831	gatC
P69830	chbB
P21893	recJ
P0AC84	gloB
P0ABW5	sfmA
P0ABW3	yfaE
P0ABW0	hcaC
P0AC81	gloA
P0ABS8	holE
P0AC49	frdB
P0ABS6	dnaG
P0AC47	frdB
P0AC44	sdhD
P0ABS5	dnaG
P0AC43	sdhA
P0ABS3	dksA
lon	lon
P21866	kdpE
P21865	kdpD
P0AC51	zur
P0ABT2	dps
P0ABT0	holE
P0AC59	grxB
prpB	prpB
prpC	prpC
prpD	prpD
P0ABT7	dusB
P0AC57	glnK
P0ABT8	yijE
P0ABT5	dusB
P0AC55	glnK
P0AC53	zwf
P0AC54	zwf
yliG	rimO
B7LJH5	selU
yliJ	gstB
lpp	lpp
proQ	proQ
P69856	nanC
panB	panB
proS	proS
panC	panC
panD	panD
P69853	dmsD
B7LJI4	
proP	proP
P0ABU2	ychF
P0AC62	grxC
P0ABU3	ychF
P0ABU0	menB
P0ABU1	menB
P0AC61	grxB
proV	proV
proW	proW
proX	proX
P0ABY9	flhC
P62399	rplE
P62395	secM
P0ABZ6	surA
P0ABZ4	kdsC
P0ABZ1	fliG
B7NPL8	metG
lrp	lrp
Q1R9C9	nuoA
papC	atpG
P0AC88	gmd
P0ABW9	flgB
P0AC86	glgP
Q1R9D6	nuoI
tnaA	tnaA
REV__P77360	
P69801	manY
clpA	clpA
clpB	clpB
P06282	cdh
P0ABX5	flgG
P0AC96	gntU
P69808	fryB
P0AC93	gnsA
P0AC94	gntP
P0ABX4	flgC
P69805	manZ
P0ABX2	flgC
P0AC92	gnsA
P0ABX0	flgB
P69803	manY
P0ABX7	flgG
P0ABX8	fliL
P0AC98	satP
P31224	acrB
parE	parE
P69812	fruB
P69811	fruB
parC	parC
P0ABY6	fldB
P0ABY7	flhC
P0ABY4	fldB
P0ABY2	fliT
P69816	frwB
P32701	pdeC
P0AE24	araE
minE	minE
P0ADQ4	yiiD
P32700	yjcB
P0ADQ5	yiiE
minD	minD
P0ADQ2	yiiD
P32703	yjcE
P0AE22	aphA
minC	minC
P32705	actP
P0AE20	map
P32704	yjcF
P0ADQ1	yihD
B1LP20	hisC
Q8XA23	nadB
P0AE28	aroM
P0ADQ9	ygaM
P0AE26	araH
P0ADQ7	ygaM
bioF	bioF
bioD	bioD
bioB	bioB
incB	incB
bioA	bioA
P32709	nrfD
nlpE	nlpE
P0AE35	artQ
P0ADR6	rlmM
nlpD	nlpD
clpS	clpS
P0AE34	artQ
P0CK95	yghJ
nlpB	bamC
Q8XA13	lptD
P0ADR2	ygdD
P0AE32	artM
P0ADR0	yqaA
P0AE30	artM
clpP	clpP
P0AE39	ypdB
P0AE37	astA
P0ADR8	ppnN
P0AE38	astA
Q8XA10	rluA
P05100	tag
nlpA	nlpA
P07762	glgB
clpX	clpX
P0AE01	trmJ
P0AE08	ahpC
P0AE06	acrA
P0AE07	acrA
mipA	mipA
P0AE13	amn
P0ADP3	yigI
P0AE14	ampE
P0ADP2	yigI
P0AE12	amn
mioC	mioC
P0ADP0	yigB
P0AE10	ahpC
P0ADP9	yihD
P0ADP7	ubiJ
P0AE18	map
P0ADP5	bioP
P0AE16	ampG
Q1R7U7	surE
P75870	yccS
P0ADU9	yqiB
P0ADU6	ygiW
P0ADU7	yqiB
P0AE67	cheY
P75874	yccU
P0ADU5	ygiW
P0AE65	chaB
P0ADU2	ygiN
P0AE63	chaB
P0ADU3	ygiN
P75876	rlmI
P17109	menD
P19767	insA7
P17115	gutQ
P19768	insJ
P19769	insK
P63883	amiC
P63884	amiC
P0ADV1	lptA
P0AE71	mazF
P0AE72	mazE
bisC	bisC
P0AE70	mazF
A7ZJS0	rimK
P0ADV9	lptC
P0ADV7	mlaC
P0AE77	cobU
P0AE78	corC
P75863	ycbX
P0ADV5	yhbW
P75862	zapC
P0AE76	cobU
P0ADV6	yhbW
Q8XA55	glyA
P0ADV3	lptA
P0AE73	mazE
P75860	ycbV
P0AE74	citT
P75867	ycbZ
P75864	rlmL
P17117	nfsA
P75869	sxy
infB	infB
infA	infA
infC	infC
P0AE82	cpxA
P0ADW3	yhcB
P0AE80	corC
P0ADW1	lptC
P0ADS6	yggE
P75892	rutG
P0ADS7	yggE
P0AE47	ytfL
P0AE45	ytfL
P0AE42	yqaE
P0ADS2	zapA
Q8XA46	purL
P75895	rutD
Q8XA47	glrK
P75894	rutE
P0ADS0	ppnN
P0AE40	ypdB
Q8XA44	tadA
P75893	rutF
P75898	rutA
P75897	rutB
P0AE48	ytfP
P32721	alsA
P0ADS9	yggN
P32720	alsC
P62573	hpcR
P0AE50	ytfP
Q8XA41	rihC
P32712	nrfG
P0ADT7	ygiC
P32711	nrfF
P0ADT8	ygiM
P0AE58	caiF
P0ADT5	ygiC
P32714	mdtP
P0AE56	bfd
P75885	gfcA
P32716	mdtN
P32715	mdtO
P75884	gfcB
P0AE54	bcp
P32718	alsK
P75883	gfcC
P0ADT1	yggN
P0ADT2	ygiB
P32717	yjcS
P0AE52	bcp
P75882	gfcD
P0A440	purU
P32710	nrfE
P0AE60	cedA
P0ADU0	ygiM
P32719	alsE
P62587	kpsE
P24240	ascB
P24241	ascF
P24242	ascG
P75830	macA
P0ADI4	entB
P0ADI5	entB
P75831	macB
P0ADI0	pinR
P75838	ycaO
P75836	ycaN
P75835	ycaM
fecB	fecB
P75839	ycaP
P0ADI8	yecD
P0ADI9	yhhN
P0ADI7	yecD
P24238	yebB
P62517	mdoH
P24251	crl
P24252	ybgA
P0ADJ5	bcsF
P75823	ltaE
P75822	ybjT
P75821	ybjS
P0ADJ3	yhjR
P75820	amiD
P75826	lysO
P75825	hcp
P75824	hcr
P75829	ybjX
P75828	ybjD
P0ADJ8	yiaA
P24244	appX
P62522	ilvL
P25550	aslB
P25552	gppA
P75851	ssuC
P75856	elfD
P0ADG2	ilvM
P75855	elfA
P0ADG0	ilvN
P0ADG1	ilvM
P75853	ssuA
P75859	ycbU
P75858	elfG
P75857	elfC
P0ADG8	guaB
P0ADG6	suhB
P0ADG7	guaB
P0ADG4	suhB
mak	mak
P24215	uxuA
P24216	fliD
P25549	aslA
P24218	intD
P24211	rhsE
map	map
P24230	recG
P24232	hmp
P75843	ycaQ
P75849	gloC
P0ADH7	fimE
P0ADH8	fimE
P0ADH5	fimB
P24228	dacB
P25553	aldA
P24224	acpS
P0ADM0	yidH
P78067	ynjE
P0ADM8	yieE
P0ADM6	yidX
P0ADM4	yidQ
P0DN74	ytiA
P0A3L9	tdk
Q1R7N6	fucU
P0ADN2	yifE
P0ADN0	viaA
B1IWD8	pepB
P0ADN8	yifL
P0ADN6	yifL
P0ADN4	yifE
mdh	mdh
P37595	iaaA
P37596	norW
P37597	ydhC
P37590	pmrD
Q1R804	alaS
P78061	puuA
CON__P48668	
P0ADK6	yibA
P75811	rcdA
P75810	ybjJ
P0ADK4	yiaW
P0ADK2	yiaF
P0ADK0	yiaF
P75818	ybjP
P75817	rlmC
tnpX	tnpX
P0ADK8	yibL
P12282	moeB
P12281	moeA
P24255	rpoN
Q1R7P9	syd
P0ADL0	yibL
P75801	dgcI
P75800	pdeI
mfd	mfd
P0ADL5	yicN
P0ADL6	yidG
P0ADL3	yicN
P75804	yliI
P0ADL1	nepI
P12295	ung
P75809	ybjI
P75806	ybjG
tnpA	tnpA
P0ADA5	yajG
P68699	atpE
P0ADA2	tesA
P0ADA3	nlpD
P0ADA1	tesA
B7LKT3	glnS
P26814	borD
P0ADA9	osmB
P0ADA6	yajG
P0ADA7	osmB
B7LKT5	nagB
P13518	csrD
Q0TDS9	epd
P0ADB4	ecnA
P0ADB1	osmE
P0ADB2	osmE
B7LKU3	miaB
rhlB	rhlB
rhlE	rhlE
P0ADB9	ecnB
REV__CON__Q6IFU5	
P0ADB7	ecnB
B7LKU5	ybeY
CON__P04264	
yceF2	yceF2
P78055	fsaA
B1IW64	ubiD
Q0TDU9	gcvP
ghrA	ghrA
ghrB	ghrB
Q1R8H7	purL
P68661	ybcO
ymfI	ymfI
P0ADE8	ygfZ
P0ADE6	kbp
P0ADE7	kbp
P0ADE4	tamA
P0ADE5	tamA
P0ADE2	ytfK
P25524	codA
P25527	gabP
P25526	gabD
P25522	mnmE
P0ADF0	fruL
P67338	yoaH
gyrA	gyrA
gyrB	gyrB
P0ADF7	edd
P0ADF8	ilvN
P25539	ribD
P0ADF6	edd
P0ADF3	rhoL
P25536	yhdE
P25535	ubiI
P24205	lpxM
P24207	pheP
P24200	mcrA
P25531	yicR
P25534	ubiH
P24202	mrr
P24203	yjiA
Q8XAE3	garL
P13520	
P68679	rpsU
P0ADC6	lptG
P0ADC7	lptG
P0ADC5	lolC
P0ADC3	lolC
P0ADC1	lptE
P0ADC8	yjiX
Q8XAD2	bepA
ymgD	ymgD
P0ADD7	yjjQ
P0ADD5	yjjP
P68688	grxA
B7LL09	
Q8XAC5	purM
P0ADD2	yjjB
P25519	hflX
P25516	acnA
Q1R8K0	trmJ
fepC	fepC
P0ADD9	yjjY
fepA	fepA
P32668	yijF
P0AD89	tnaC
P32669	fsaB
P29012	dadX
mog	mog
P0ACW8	ydfA
P29013	ycgB
P29010	ydfD
P0ACW6	ydcH
P0AD86	thrL
P32662	gph
P32664	nudC
P33997	alpA
B1IW07	mukB
ymjA	ymjA
P43319	yraK
P05050	alkB
P05052	appY
P0ACX5	fumD
P0AD92	trpL
P05055	pnp
P0ACX3	ydhR
rmlA2	rffH
P29009	ydfB
P0ACX0	ydgC
pspA	pspA
pspB	pspB
pspC	pspC
P0AD98	livJ
P0ACX9	ydiE
P0AD99	brnQ
P0AD96	livJ
P0ACX7	fumD
mpl	mpl
B7LKL8	
pspE	pspE
P0DMC5	rcsC
P0DMC7	rcsB
P0DMC9	rcsA
P0ACY6	yeaL
P0ACY3	yeaG
P0ACY1	ydjA
P0ACY2	ydjA
P29018	cydD
P0AD69	ftsI
oppD	oppD
P0ACU7	yjdC
P0AD67	mrdA
P0AD68	ftsI
oppF	oppF
P0ACU8	yjdC
P0ACU5	fabR
P0AD65	mrdA
pssA	pssA
oppA	oppA
oppB	oppB
mqo	mqo
dppF	dppF
dppD	dppD
P45956	ygbF
P45955	cpoB
P0AD72	pheL
P0ACV2	lpxP
Q8XA87	deaD
P0AD70	ampH
P0ACV0	lpxL
B1LNU0	rpoC
P0AD71	ampH
P0ACV1	lpxL
Q8XA82	thrB
Q9R9D6	rfaP
Q9R9D5	rfaQ
P0ACV8	ymjA
P0AD79	leuL
P0ACV6	mpaA
P0ACV7	mpaA
P0AD74	pheM
P0ACV4	lapA
mrp	mrp
mrr	mrr
P57998	insB4
P68646	fixX
dppC	dppC
dppB	dppB
P68644	fixC
dppA	dppA
P05041	pabB
P0AD83	pyrL
P0ACW4	ydcA
P05042	fumC
Q8XA76	yaaA
P0ACW2	ydbJ
P0ACW0	ydaF
pbpG	pbpG
B7LKG5	purC
pstS	pstS
P69908	gadA
P69902	frc
pstB	pstB
P32693	yjbL
P32695	dusA
mtr	mtr
P32694	yjbM
P32696	pspG
P69911	gadB
P69910	gadB
cmoA	cmoA
cmoB	cmoB
P43340	ycaK
P43341	lpxH
mug	mug
P69913	csrA
P32689	yjbH
P0ACY9	yebG
B7LKE3	
P32681	yjaH
P32684	rluF
Q1R8B7	rimM
P32685	yjbD
P32688	yjbG
P32687	yjbF
P56614	ymdF
B7LKE6	hda
P43337	nudL
P69922	fucI
kdgR	kdgR
P32690	yjbI
P0ACZ4	evgA
P0ACZ2	etp
P0ACZ3	etp
P69925	nrdB
P69924	nrdB
P0ACZ1	yebG
nmpC	nmpC
P18390	yjjA
P18392	rstB
P18393	ybdZ
P0ACZ8	cusR
Q57261	truD
P32670	ptsA
B1IW23	aroA
P30011	nadC
P32672	frwC
P32675	pflC
P32674	pflD
P32677	yijO
P30014	rnt
P32676	frwD
P30015	lhr
kdgK	kdgK
P43329	hrpA
P69931	hda
P32680	yjaG
P69937	gdx
P0AAK1	hycB
P0AAK7	nrfC
B7LMG1	yajQ
B7LMG5	xseB
P0AAK4	hydN
B7LMH1	
REV__P27298	
P08722	bglF
P0AAL3	napG
P0AAL0	napF
B7LMH2	ribE
P0AAL9	ykgJ
P0AAL6	ydhY
B1IXJ2	bioF
B7LMI1	tgt
Q47706	uidC
P0AAI7	fabF
Q47702	yfeK
P0AAI5	fabF
P0AAI3	ftsH
B7MPH7	miaB
Q8FKZ1	gmhB
P0AAI1	ssuB
B7LME3	
Q1R6R1	mug
hldD	hldD
hldE	hldE
P0AAI9	fabD
P0AAJ0	fabD
P0AAJ1	ynfG
P0AAJ8	hybA
P0AAJ6	fdoH
P0AAJ5	fdoH
P0AAJ2	ynfG
B1LQ15	alaS
P0AAJ3	fdnH
P0AB06	ycbK
P0AB03	ycbJ
P0AB01	elyC
P0AB02	elyC
Q8FLB1	carA
Q1R6T2	glgS
Q8FLB0	carB
P0AB16	yccJ
P0AAP7	yaiY
P0AB14	yccJ
ribB	ribB
P0AAP5	iprA
ribA	ribA
P0AB12	yccF
Q47719	yjhV
P0AAP3	frmR
Q47718	insO2
P0AB10	pqiC
P0AAP1	dgcC
ribH	ribE
ribD	ribD
Q47710	yqjK
P0AB18	tusE
ribF	ribF
ribE	ribE
B5Z062	argH
CON__P00761	
P0AAQ0	yaiZ
P0AB20	hspQ
P0AAM3	hypC
P0AAM1	hyaC
P0AAM0	ykgJ
P0AAM7	hybG
B1IXM2	pdxB
kdpA	kdpA
kdpB	kdpB
kdpC	kdpC
kdpD	kdpD
B7LMB6	dps
P0AAN4	hypB
P0AAN5	yaiA
P0AAN3	hypB
P0AAN1	hybE
P0AAN9	iraP
P0AAN7	yaiA
P0AAC2	uspE
P0AAC0	uspE
P67097	yfcE
P67095	yfcE
P0AAC8	iscA
P0AAC6	yccA
Q1RGI8	dnaK
tolQ	tolQ
P0AAC4	ybhL
tolR	tolR
Q1R6H2	truB
tolC	tolC
tolA	tolA
B7NSF9	nrdI
tolB	tolB
P0AAD2	mtr
B7UFX8	pdxB
P0AAD8	tdcC
P38521	yggL
P0AAD6	sdaC
P0AAD7	sdaC
B1LPI9	pgi
P0AAD4	tyrP
Q8FL49	aroP
P39836	yfeH
P39835	gntT
P0AAA0	yafK
P39838	rcsD
P38506	ygdG
P39832	znuB
P39831	ydfG
P39834	ygiL
P0AAA7	wzxE
P0AAA5	ymcE
P0AAA3	ecpA
P0AAA1	yagU
P0AAA2	yagU
P27848	yigL
P27843	yigG
P27844	rarD
P0AAA9	zraP
P27842	yigF
P27862	yigZ
Q8FL24	sfsA
P39829	garD
rihA	rihA
rihC	rihC
P15877	gcd
P0AAB8	uspD
P39830	ybaL
P0AAB6	galF
ndh	ndh
P0AAB7	galF
P0AAB4	ubiD
ndk	ndk
kdsA	kdsA
P0AAB2	wzb
kdsD	kdsD
P27859	tatD
tonB	tonB
kdsB	kdsB
kdsC	kdsC
Q8FL94	djlA
P0AAG5	mdlB
P0AAG3	gltL
P0AAG1	dppD
P0AAG0	dppD
P0AAG8	mglA
P0AAH6	sapD
P67066	wecC
P0AAH4	sapD
P0AAH0	pstB
nfi	nfi
P0AAH8	sapF
nfo	nfo
P0AAH9	sapF
slmA	slmA
topA	topA
topB	topB
P40876	ycbF
P40874	solA
rimJ	rimJ
rimM	rimM
A7ZLA2	pyrF
P0AAE2	proY
rimO	rimO
P0AAE0	cycA
rimN	tsaC
P0AAE8	cadB
P68398	tadA
P0AAE5	ydgI
Q8FL67	murE
P67080	yggS
Q8FL65	murD
B7LLY2	rpsF
B7LLY3	priB
P67087	rsmI
P67088	rsmI
P0AAF3	araG
P0AAF1	potE
P67082	yggS
P0AAF8	artP
P0AAF6	artP
B7LLY4	rpsR
B7LLY5	rplI
P27896	narQ
B1IWZ2	ravA
Q1R7B4	argP
P03825	gspB
P31058	yadC
P31057	panB
B7LLV9	purA
P31061	nohA
P31060	modF
P31063	yedD
Q0TD14	uxaC
P31062	nohD
B7LLV4	hfq
P03835	insG
P69681	amtB
yncA	mnaT
yncB	curA
yncC	mcbR
yncE	yncE
B6I928	fabA
P0AA89	dosC
ynfB	ynfB
B1IWX5	ilvD
P0AA90	dosC
P0AA97	yaeQ
P0AA95	yacC
P0AA96	yacC
B7LM50	nuoH
P0AA93	ypdA
pckA	pckA
P0AA94	ypdA
P0AA91	yeaY
B7LM53	nuoK
P0AA92	yeaY
yneI	sad
yneJ	yneJ
P0AA99	yafK
P03813	ygeA
P03817	mioC
P03819	kefC
REV__B7MBB6	
ynhG	ynhG
C1P608	ibsB
C1P609	yohP
C1P604	yobI
P27829	wecC
C1P605	azuC
C1P606	yoeI
P27828	wecB
C1P607	ibsA
C1P600	ynbG
C1P601	rzoQ
C1P602	yoaK
C1P603	yoaJ
ecnB	ecnB
P27840	yigE
Q0TCU6	nlpI
Q0TD60	ribB
B7LLS9	efp
B7LM46	nuoC
P27838	cyaY
P27836	wecG
P27837	yifK
P27835	wzyE
P27832	wecD
B7LLS4	groS
P27833	wecE
B7LM45	nuoB
P27830	rffG
P03841	malM
ynjE	ynjE
ynjH	ynjH
B7LLP9	ybaB
B7LLP8	recR
K0BE10	tal;talB
C1P620	yshB
hlyC	hlyC
C1P621	yjeV
Q1R7I6	thyA
P31064	yedE
P31069	kch
P31068	fliH
C1P619	ilvX
pcnB	pcnB
C1P615	ibsC
C1P616	ibsD
yniA	yniA
C1P617	ibsE
yniB	yniB
C1P618	yrbN
yniC	hxpB
C1P611	shoB
C1P612	yqcG
C1P613	yqeL
C1P614	yqfG
Q1R7I3	rppH
C1P610	ypdK
P0AA27	trxA
P0AA25	trxA
ptsN	ptsN
ptsG	ptsG
P33634	yfiE
ptsH	ptsH
ptsI	ptsI
P21645	lpxD
P0AA31	yedF
P0AA39	rluC
P0AA37	rluA
ptrA	ptrA
slyX	slyX
slyD	slyD
slyA	slyA
slyB	slyB
P07363	cheA
P0AA43	rsuA
P07364	cheR
P0AA41	truC
P0AA06	ptsH
P0AA04	ptsH
kefA	mscK
P46923	torZ
P07330	cheB
P0AA10	rplM
P08660	lysC
P09996	yidB
P0AA18	ompR
P33602	nuoG
P0AA16	ompR
B7NAQ7	aroA
P33607	nuoL
P58963	dinB
P19323	fhlA
P19317	narW
P19318	narY
P19319	narZ
ptsP	ptsP
P0AA67	rhtA
B7LLI4	tatE
P0AA76	dgoT
P07395	pheT
P0AA73	yhbE
P0AA70	yedA
P33668	ybbC
P33669	ybbD
P0AA78	exuT
P33666	ydbA
P33667	selU
P0AA86	dsbE
P0AA87	dsbE
P0AA84	clsB
P21693	dbpA
P0AA82	codB
P0AA80	garP
ushA	ushA
P0AA48	plaP
P0AA49	yfdV
P0AA47	plaP
P0AA45	rsuA
P33650	feoB
B7LLH1	leuS
P0AA53	qmcA
P33647	chpB
P0AA57	yobA
P0AA58	yobA
P0AA55	qmcA
P33644	yfiH
P33643	rluD
B7LLI1	ybeD
P0AA63	yqjA
P0AA60	yghB
P75672	yafS
P0ABM1	ccmC
P75676	yafX
P08839	ptsI
P75675	ykfJ
Q1RG10	lpxD
Q1RG12	bamA
P75679	insN1
B7LNI5	
P75678	ykfA
P75677	ykfF
P0ABM9	ccmH
B7LNI3	lgt
Q1RFP9	ykgM
Q1RG18	pyrH
P0ABM5	ccmD
ahpF	ahpF
ahpC	ahpC
Q19NJ4	groL2
P0ABN1	dgkA
Q1RG23	glnD
Q1RG25	yaeH
P0ABN9	dcuB
P0ABN7	dcuA
Q1RG29	mtnN
P0ABN5	dcuA
Q1R601	rpsJ
Q1R606	rplW
P75694	yahO
P25396	tehA
P0ABK0	cydA
P75693	yahN
P75692	yahM
tpiA	tpiA
P75691	yahK
P25397	tehB
CON__P35527	
P75697	yaiX
P0ABK9	nrfA
lysA	lysA
P0ABK6	cysK
P0ABK7	csgB
P0ABK4	cydB
P0ABK5	cysK
P0ABK2	cydB
lysC	lysC
P37387	xylF
P37388	xylG
A7ZM66	folM
P0ABL1	nrfB
P75683	yagG
P75682	yagE
P75681	afuB
P24077	entS
P0CI31	hcaB
P75680	insO1
P75687	rclB
P75685	rclC
P75684	yagP
Q1RFS8	proB
P75688	b0309
P0ABL8	ccmB
P0ABL5	napC
P0ABL3	napB
ubiB	ubiB
ubiC	ubiC
Q1R624	rplF
Q1R627	rpsE
ubiF	ubiF
ubiG	ubiG
ubiD	ubiD
ubiE	ubiE
P0AC26	nirC
P0ABQ4	folA
P0ABQ5	folA
P0ABQ2	garR
P0AC23	focA
P0ABQ3	garR
P0ABQ0	coaBC
P0ABQ1	coaBC
P0AC21	folX
P18200	pgpA
P0AC28	ygfA
P0AC29	ygfA
Q1R633	rpsM
P0AC30	ftsX
Q1R637	rpoA
P0ABR7	yeaW
P0AC38	aspA
P0AC35	ttdB
P0ABR5	hcaE
REV__P23830	
P0AC33	fumA
P0ABR3	dinI
P75620	yaaY
P0AC34	fumA
P0ABR1	dinI
P0AC31	ftsX
P0ABR9	mhpB
P45804	yhgE
P45807	ybaM
lysP	lysP
P0ABS1	dksA
P0AC41	sdhA
lysU	lysU
P45800	yrfF
lysS	lysS
P0AC04	bamD
P0AC05	fliP
P0AC02	bamD
uspF	uspF
uspG	uspG
P0AC00	frlB
uspD	uspD
uspE	uspE
P21829	ybhA
Q47622	sapA
P0AC07	fliQ
Q1R5T5	slyX
uspA	uspA
P0AC16	folB
P0ABP6	dedA
P0ABP3	dcuC
P0AC13	folP
P0AC14	folP
P0AC19	folX
P0AC17	folB
P0ABP8	deoD
obg	obgE
Q8FJR2	pgl
P0ABE2	bolA
P0ABE3	bolA
P0ABE0	accB
P37313	dppF
P0ABE9	cynT
P0ABE7	cybC
P0ABE5	cybB
Q8FJQ3	bioB
P37309	arsR
P37305	hokA
P0ABF3	pcnB
P37306	arcC
P0ABF4	eutM
P0ABF1	pcnB
P0ABF8	pgsA
P0ABF5	eutM
P0ABF6	cdd
REV__P28638	
coaD	coaD
coaA	coaA
P0ABC0	atpI
P75617	yaaW
B7NTE0	hemC
P75616	yaaX
P15993	aroP
P0ABC8	hflK
P0ABC9	betT
P0ABC7	hflK
dacC	dacC
dacA	dacA
P0ABC5	hflC
P0ABC3	hflC
P63624	asnA
P0ABD1	yeaV
P12008	aroC
P76938	epmC
Q0TAW5	asnA
B7UGX2	hscA
P0ABD8	accB
zraS	zraS
P0ABD5	accA
P0ABD3	bfr
P0ABD4	bfr
P26647	plsC
P26646	acuI
P26649	glgS
P26648	ftsP
Q8FK74	cueR
P0ABI6	corA
P0ABI4	corA
P0ABI1	clpA
P0ABI8	cyoB
smpB	smpB
ogt	ogt
smpA	bamE
dadX	dadX
P0ABJ0	cyoB
yoaE	yoaE
Q8FJU6	pxpA
P37349	dhaM
P0ABJ6	cyoD
P0ABJ3	cyoC
P0ABJ1	cyoA
P37348	yecE
yoaB	yoaB
P0ABJ2	cyoA
P38683	torT
cobT	cobT
P38684	torR
P37353	menE
P37355	menH
dadA	dadA
P0ABJ9	cydA
P37351	rpiB
P0ABG4	ftsW
P37338	glaR
P37339	lhgD
yodA	zinT
P0ABG1	cdsA
P37342	yjjI
P37344	pspF
P0ABG6	ftsW
P76909	ynjD
P0ABG7	mrdB
P37340	mdtK
P0C7L2	paaJ
Q8FK44	cysS
codB	codB
codA	codA
P37327	yfdC
Q1RG04	accA
P37329	modA
pdhR	pdhR
P0ABH4	mreD
P0ABH2	ftsA
P37325	ybcH
P0ABH0	ftsA
P37326	intS
P37330	glcB
P0ABH9	clpA
P0ABH7	gltA
P0ABH8	gltA
P69791	chbA
P69789	glvB
P67127	ygdQ
P69788	ptsG
P69786	ptsG
P69784	crr
Q1R6A3	mdh
P67143	yhgN
P03959	kdpA
P69799	manX
P69797	manX
P69795	chbB
B7LMY4	
Q1R6B0	rpsI
yohN	rcnB
P67153	yqfA
P0AAZ0	ybjO
B7LN72	
P0AAZ6	rarA
P0AAZ7	ycaR
P45795	yrdB
P0AAZ4	rarA
B7LN74	
P45799	nudE
P18196	minC
P31142	sseA
Q1R6C9	rapZ
Q0TC28	glgX
Q8FKI8	betB
B7LN84	mukF
yojN	rcsD
Q8FL11	dapD
Q0TC30	glgA
P0ABA6	atpG
P0ABA4	atpH
Q1RGE4	surA
P0ABA0	atpF
P69741	hybO
P26616	maeA
Q8FL16	hemL
P26612	amyA
Q8FL00	tilS
Q57083	perR
Q1R6E7	murA
P0ABB0	atpA
P15977	malQ
P0ABB8	mgtA
P0ABB4	atpD
B7LN61	serS
P0ABB9	mgtA
P03960	kdpB
P03961	kdpC
ligA	ligA
purR	purR
B7LMR7	pyrI
purT	purT
purM	purM
purN	purN
purU	purU
purA	purA
P55138	ygcE
purB	purB
purC	purC
purD	purD
P55135	rlmD
damX	damX
P69783	crr
P39902	sprT
P39901	ybfI
orn	orn
purK	purK
purL	purL
purE	purE
purF	purF
purH	purH
P69778	lpp
P69776	lpp
P26608	fliS
Q8FKM7	gpt
P26602	ubiC
P55140	ygcG
P0AAS9	ybdD
P0AB49	ychH
zapA	zapA
Q1RG95	yacG
zapB	zapB
P0AAS7	ybcJ
P0AAS5	ylbF
P0AB46	ymgD
P0AB43	ycgL
P0AAS3	ybbJ
P45736	ycjD
Q1R5V3	rpoB
copA	copA
putP	putP
P0AB52	ychN
P0AAT2	ybdF
P0AAT3	ybdF
P0AB53	ychN
dapA	dapA
P06149	dld
dapB	dapB
P0AB58	lapB
P0AAT9	ybeL
P0AAT6	rsfS
P0AB56	yciI
P0AAT7	rsfS
Q1RFY9	metN
P0AAT4	ybdG
putA	putA
P0AB55	yciI
eutL	eutL
P18133	pncB
B7NC61	hisC
eutD	eutD
B7LN23	
B7LMQ3	yjgA
P0AB63	yciN
P0AB61	yciN
P0AAU1	ybeL
P0AAU2	ybfA
dapE	dapE
dapF	dapF
P0AB60	lapB
dapD	dapD
P0AB28	yceD
P0AB26	yceB
P0AAQ6	ybaA
P0AB24	efeO
P0AAQ4	yajD
P0AAQ2	yajD
Q1R5Y2	tuf1;tuf2;tufB;tufA
corC	corC
corA	corA
P0AAR0	tomB
P0AB30	yceD
P0AB31	yceK
P0AAR8	ybaV
P0AB38	lpoB
P0AB39	lpoB
P06129	btuB
P0AAR5	ybaN
P0AB35	ycfJ
P0AAR3	ybaK
P0AB33	bssS
P0AAS1	ylaC
P07464	lacA
P0AAS0	ylaC
P0AB40	bhsA
P06134	ada
P69739	hyaA
P06136	ftsQ
P0AB89	purB
P0AAW9	acrZ
P0AB87	fucA
P31131	ydeJ
P31130	ydeI
pdxA	pdxA
P31133	potF
pdxB	pdxB
P31135	potH
Q47689	mmuP
P31134	potG
Q47688	ykfC
P0DKB3	mntS
azoR	azoR
Q0TBJ4	gpmI
Q47690	mmuM
P0AB96	arsC
P0AAX6	mcbA
P45771	yrdD
P0AAX7	mcbA
P0AAX4	ybiJ
P0AB92	aroG
P0AAX3	ybiJ
P0AB93	arsB
P0AB90	purB
P0AB91	aroG
P31129	dgcZ
P0AB98	atpB
P0AAX8	ybiS
P31120	glmM
P31122	sotB
Q47679	yafV
P31121	marB
P31126	ydeE
P31125	eamA
P45769	yhdZ
Q47685	ykfG
Q47684	yafW
P45768	yhdY
P0AAY0	ybiS
P45761	gspJ
P45760	gspI
P0AAY8	ybjN
P45763	gspL
P0AAY6	ybjN
P45762	gspK
P0AAY4	ybjH
P45767	yhdX
P0AAY1	bssR
P45766	yhdW
P31119	aas
P0AB69	pntB
P0AB67	pntB
P0AAU7	ybfE
P0AAU8	ybfE
P0AAU5	ybfB
P0AB65	yccX
P0AB66	yccX
P45758	gspD
P45757	gspC
P45759	gspE
Q8FKF5	tauB
REV__B7LQ59	
P0AAV4	pxpB
P45750	hofP
P0AB74	kbaY
P0AAV5	pxpB
P0AB72	fbaA
P45751	hofO
P0AAV0	ybgE
P45753	hofM
P0AB71	fbaA
P45756	gspA
pdxY	pdxY
P0AAV8	ybhH
P0AB78	kbl
P0AAV6	ybgS
P0AB77	kbl
B7LMJ4	ppnP
pdxH	pdxH
pdxJ	pdxJ
P45748	tsaC
pdxK	pdxK
Q8FKE3	ddlA
Q8FKE1	iraP
P0AAW5	ybhQ
P0AB85	apbE
P0AB83	nth
P0AB84	nth
P0AAW1	ybhP
P0AB82	ilvE
P0AB80	ilvE
P0A6V8	glk
P60293	mukF
P0A6V5	glpE
P0A776	rppH
P0A6V1	glgC
P0A772	nrdI
P0A6V9	glk
mltA	mltA
P05458	ptrA
P05459	pdxB
P04128	fimA
Q8FAG0	ppa
P0A780	nusB
P0A6W0	glsA2
P18775	dmsA
P18776	dmsB
P17445	betB
P0A6W9	gshA
P17444	betA
P17443	murG
P0A786	pyrB
P0A6W7	greA
P0A784	orn
P0A6W5	greA
P0A6W2	glsA2
P0A6W3	mraY
lipA	lipA
lipB	lipB
Q8FAG5	cysQ
P0A6T5	folE
P17411	chbF
P67701	higA
P0A756	kefG
P17410	chbR
P0A6T3	galK
P0A754	kefF
P0A6T1	pgi
P0A752	nadD
P0A6T2	pgi
P0A6T9	gcvH
P0A759	nagB
P67702	higA
P55734	ygaP
P0A766	rsxA
P0A6U5	rsmG
P0A763	ndk
P0A6U3	mnmG
P0A761	nanE
Q8X574	xerD
P0A6U8	glgA
P0A769	mntH
P0A6Z3	htpG
P0A6Z1	hscA
B7LX92	ycgL
P0A6Z6	nikR
pal	pal
Q0TJ25	mdoG
dsbA	dsbA
Q8FAJ4	ulaG
P0A6X1	hemA
P0A790	panD
P17446	betI
P0A799	pgk
P18777	dmsC
P0A6X7	ihfA
P0A795	pdxJ
P0A796	pfkA
P0A6X3	hfq
P0A794	pdxJ
dsbG	dsbG
pcm	pcm
dsbC	dsbC
livK	livK
livJ	livJ
ucpA	ucpA
P0A6Y1	ihfB
P0A6Y8	dnaK
P0A6Y7	hslO
P0A6Y5	hslO
P04152	umuC
livG	livG
B7UR11	deoB
livF	livF
B1IQV0	argG
P0A6M8	fusA
P11286	yiaB
P11289	yfiL
P11290	yibD
P11291	yzcX
P0A6N8	yeiP
wzzE	wzzE
wzzB	wzzB
Q8X4Q8	rluB
P0A6N4	efp
P06709	birA
P0A700	hypA
B7NLY9	lipB
P0A709	infC
P0A706	infB
P0A707	infC
P0A705	infB
Q8X4P8	fumA
P0A703	hybF
P0A6K6	deoB
P0AGM5	ychA
P36566	cmoM
P0AGM6	ychA
P0AGM2	yicG
P0AGM0	yhhT
pgi	pgi
P0AGM9	xanP
pgl	pgl
pgk	pgk
P0AGM7	uraA
pgm	pgm
P0A6L4	nanA
P0A6L2	dapA
P0A6L0	deoC
P0A6L9	hscB
P0A6L7	uxaB
B7LWR4	
P36554	mdtD
P36553	hemF
P0AGN1	xanP
P36562	cobT
P36561	cobS
P60240	rapA
P36560	asr
P0A6M4	dtd
P0A6M2	dsbB
P24586	kpsT
P23256	malY
ypdF	ypdF
pic	pic
P0A6R3	fis
P0A734	minE
P0A731	mgsA
P0A6R0	fabH
pir	pir
Q8FAD6	argI
P0A738	moaC
P61517	can
cpdB	cpdB
Q8X560	uspC
npdA	npdA
B7LWP4	pyrG
B7LWP5	eno
P0A744	msrA
P0A6S5	ftsB
P0A742	mscL
P0A6S3	flgI
Q8X4T6	xerC
P0A6S0	flgH
P0A6S1	flgH
P77091	hokE
P0A749	murA
B7NM68	serC
P0A746	msrB
B7NM67	aroA
P0A6S7	gpsA
P06710	dnaX
P06715	gor
Q0TII6	dadA
P0A6P1	tsf
P0A712	kdgT
P0A710	yciB
Q8X4S5	gutQ
P0A6P9	eno
P0A719	prs
P0A717	prs
P0A6P7	engB
P0A6P5	der
P0A715	kdsA
P0A6P6	der
P06720	melA
P06722	mutH
P06721	metC
B7LWN0	caiA
ypeA	ypeA
P0A722	lpxA
P35272	wzzB
P0A6Q3	fabA
P0A720	tmk
REV__Q46858	
P0A729	yceF
REV__P0AES7	
P0A6Q6	fabZ
P0A6Q4	fabA
P0A725	lpxC
P0A6E6	atpC
B7LWK5	cysC
P0A6E4	argG
B7LWK3	cysD
P0DPP0	ynfS
B7LWK9	ispF
P0DPP1	ynfP
P0DPP2	yoaL
P0DPP3	yecU
P0A6E1	aroL
REV__P0AFJ9	
P0AGG0	thiL
Q8FB98	ppc
P0A6E9	bioD2
P0AGG8	tldD
P0AGG6	trxC
P0AGG3	tesB
P0AGG4	trxC
P00547	thrB
P0AGG2	tesB
P0DPP4	yqfH
P0DPP5	yqfI
P0A6F0	bioD2
P0DPP6	yqhI
P0DPP7	yqiD
P0DPP8	ysdD
P0AGG9	tldD
P0A6F5	groL
P0A6F3	glpK
P77044	mhpC
P0A6F1	carA
P0A6F2	carA
P0AGH1	yhhJ
P0A6F9	groS
P0AGH8	pstC
pnp	pnp
Q8FB90	fabR
P0AGH5	sapC
P0AGH3	sapB
Q8X5J4	frmA
B7NLQ0	tusD
Q8X5J3	frmR
P0A6C5	argA
osmY	osmY
P0A6C1	nfo
P0DPN0	yahV
P0DPN1	ykiC
P0A6C8	argB
P0A6C7	argA
P0AGE6	chrR
P0AGE4	sstT
P0AGE2	ssb
P0AGE0	ssb
B1IQK7	panC
P0DPN2	ykiD
P0DPN3	ylcJ
P0DPN4	yldA
P0DPN5	ybgU
P77087	tfaX
P0DPN6	yliM
P0AGE9	sucD
P0DPN7	ymdG
P0DPN8	ymgK
P00561	thrA
P0AGE7	chrR
P0DPN9	ymgL
P00562	metL
P0A6D5	ydiB
ppa	ppa
P0A6D3	aroA
ppc	ppc
Q8X5H9	ftsK
P0DPO0	ymgM
P13857	rimL
P0DPO1	ymiC
P0DPO2	ymjE
P0A6D0	argR
osmE	osmE
Q8FB69	purD
osmF	yehZ
ppk	ppk
Q8FB68	purH
P0A6D9	aroK
P0A6D7	aroK
osmC	osmC
P0AGF6	tdcB
P0AGF4	xylE
P0AGF2	csdE
P0AGF3	csdE
P0AGF1	sucD
P0DPO3	ynaL
P0DPO4	ynaM
ppx	ppx
P0DPO5	yncO
P0DPO6	yddY
P0DPO7	yneP
B1LJ30	rlmI
P0DPO8	ynfT
P0DPO9	ynfR
P00550	mtlA
fhuA	fhuA
B7LWG2	lpxC
P0A6I9	coaE
P0A6I6	coaD
B7LWG4	
P0AGK4	yhbY
P0AGK1	ubiA
P36548	amiA
P0AGK0	tyrS
P36547	eutR
A0A0H2VDI7	cycA
P0AGK8	iscR
P0AGK6	yhbY
P25888	rhlE
P0A6J3	cysZ
P0A6J1	cysC
P25889	preA
P0A6J0	coaE
P24554	radA
P24555	ptrB
P80668	feaB
prc	prc
P00582	polA
pepP	pepP
pepQ	pepQ
B7LWH0	rsmH
Q0TJB3	rlmL
P0A6J8	ddlA
P0A6J5	dadA
pepN	pepN
P0AGL5	ratA
P0AGL2	tdcF
P0AGL3	tdcF
pepT	pepT
prs	prs
pepA	pepA
P67699	yddM
pepB	pepB
P0AGL8	rsmE
P67697	hicB
P0AGL7	rsmE
P00579	rpoD
P0A6K3	def
P0A6K1	dapF
P25894	loiP
pepD	pepD
pepE	pepE
psd	psd
B7LWE0	leuC
P0A6G7	clpP
P0A6G4	pncC
P0A6G5	citX
P0A6G3	pncC
P0AGI1	rbsC
iraP	iraP
Q8X5M0	bcsC
P0AGI8	trkA
Q03961	kpsD
P0AGI3	rbsC
P0AGI4	xylH
P0A6H1	clpX
pta	pta
P23200	mglC
Q7A937	malF
P0A6H8	clsA
P0A6H5	hslU
pth	pth
P0A6H6	hslU
Q8X5L8	bcsB
Q8X5L9	bcsZ
P0AGJ2	trmH
P0AGJ3	trmH
P0AGJ0	trkA
P0AGJ8	trmL
P0AGJ9	tyrS
P0AGJ6	yfiF
P0AGJ7	trmL
P0AGJ5	yfiF
P0A6I3	coaA
P77031	yqcE
P0A6I0	cmk
P31697	fimC
P43671	pqiB
P43672	uup
P43674	ycaL
P43676	pitB
traT	traT
P67660	yhaJ
P31680	djlA
iaaA	iaaA
P43667	ygaH
traI	traI
Q0TIU8	potA
P67653	kdsC
traC	traC
traM	traM
traL	traL
P31678	otsB
P80645	ssuD
P31677	otsA
P80644	ssuE
P31679	yaaU
iadA	iadA
B7UPY0	psd
treA	treA
treB	treB
P31675	setA
B7LWA9	tsf
cptA	eptC
P67664	aaeR
P67661	yhaJ
P67662	aaeR
B7LWA8	rpsB
P31667	rpnA
P31666	yadE
B7LWB1	frr
P31660	prpC
P31663	panC
B1LIJ8	betB
P31665	rpnC
P04079	guaA
B7LWB7	erpA
P0A6A3	ackA
P0A6A0	ubiB
P0A6A1	ubiB
P0A6A8	acpP
P0A6A6	leuC
sodA	sodA
Q8FB55	pepE
Q8FAT5	lysU
sodC	sodC
sodB	sodB
P0A6A5	ackA
P67601	yobD
P00509	aspC
P0AGC3	slt
P0AGC4	slt
P0AGC0	uhpT
P41052	mltB
P0AGC7	ytjB
P67603	yqfB
P0AGC5	mltF
P0A6B4	alr
P0A6B7	iscS
P0DPM9	ykgV
P0AGD5	sodB
P0AGD2	sodC
P0AGD3	sodB
P0AGD1	sodC
P0DPM5	yabR
P0DPM6	yacM
treR	treR
P0AGD9	ffh
P0DPM7	yadW
P0AGD7	ffh
P0DPM8	ykgS
P56976	blr
B7NLA1	ghrA
Q0TIZ4	flgI
P0AGA1	secG
P41036	nanT
P67624	yheU
P0AGA2	secY
glcB	glcB
glcG	glcG
P0AGA8	uhpA
P0AGA6	uhpA
P41039	ybiI
P0AGA4	secY
Q8FB22	dnaB
P0AGB3	rpoH
P0AGB0	serB
P0AGB1	serB
P16095	sdaA
P0AGB8	rpoE
P0AGB6	rpoE
B1IQF8	rnhB
P0AGB5	rpoH
sohA	prlF
sohB	sohB
P0A890	tusA
Q46953	ypjF
P0A898	ybeY
P0A7X6	rimM
P0A894	rapZ
P0A7X3	rpsI
A8A6V1	fadB
Q46948	yajL
cpxR	cpxR
Q46942	yqeI
P0A7Y0	rnc
Q46943	yqeJ
mmuM	mmuM
Q46941	yqeH
P0A7Y8	rnpA
P0A7Y4	rnhA
trmD	trmD
trmA	trmA
trmB	trmB
Q8XE87	thiL
glgX	glgX
Q46978	hpaG;hpcE
trmJ	trmJ
trmH	trmH
glgB	glgB
P0A877	trpA
glgC	glgC
P0A7V3	rpsC
P0A873	trmD
P0A7V0	rpsB
P0A870	talB
P67826	cutC
P0A7V8	rpsD
glgP	glgP
P0A879	trpB
P31825	yfiC
Q8XE76	dxs
P31827	yddB
P31826	yddA
Q8XE74	thiI
glgA	glgA
P0A7W7	rpsH
P0A887	ubiE
P0A888	ubiE
P0A884	thyA
Q8X3T5	yciZ
P0A7W1	rpsE
P0A881	trpR
P31828	pqqL
P28246	bcr
solA	solA
holB	holB
talA	talA
talB	talB
P28248	dcd
P58070	era
P28249	asmA
P28224	mliC
P0A7Z2	rpiA
P0A7Z0	rpiA
P60390	rsmH
P0A7Z4	rpoA
trpR	trpR
trpS	trpS
trpD	trpGD
trpE	trpE
trpB	trpB
trpC	trpC
P58094	yciX
P16256	panF
P58095	ypjI
P17583	cynX
trpA	trpA
Q8XDZ0	astE
rlmG	rlmG
rlmI	rlmI
P0A809	ruvA
rlmE	rlmE
glnA	glnA
glnB	glnB
glnD	glnD
rlmL	rlmL
glnE	glnE
rlmN	rlmN
glnG	glnG
glnH	glnH
rlmM	rlmM
Q8XE27	thrS
P09099	xylB
glmM	glmM
sopA	sopA
rlmB	rlmB
P0A817	metK
sopB	sopB
glmS	glmS
P0A814	ruvC
P0A7P5	rpmH
glmU	glmU
P0A812	ruvB
Q8XDP1	rsgA
Q8XDP0	orn
P46022	mtgA
Leading razor protein	Gene names
P0A7Q1	rpmI
P0A821	selA
P0A822	selA
P58033	ypjJ
P58034	ymgF
P60340	truB
P58035	sgcB
P0A828	smg
P0A825	glyA
P0A7Q6	rpmJ
P0A823	sfsA
Q8XE00	nudI
P0A7M9	rpmE
glpA	glpA
glpB	glpB
P58036	yjbS
tatE	tatE
glpC	glpC
P58037	yrhD
glpD	glpD
glpF	glpF
tatA	tatA
tatB	tatB
P58041	rzoD
P58042	rzoR
P0A7N4	rpmF
P46005	aggC
truD	truD
truA	truA
truB	truB
P0A7N1	ykgM
P23367	mutL
yqcC	yqcC
Q8XDN0	minC
P0A7N9	rpmG
gloA	gloA
G3MTW7	pmrR
P36677	yhdN
gloB	gloB
P36675	arfA
yqcA	yqcA
P36678	gspM
REV__P06612	
P36680	zapD
P0A800	rpoZ
glnL	glnL
P36683	acnB
P36682	yacH
glnP	glnP
P58057	nadK
glnQ	glnQ
P0A805	frr
glnS	glnS
Q46919	yqcC
Q8XE68	yejK
P05523	mutM
Q46915	gudX
Q46916	gudP
Q46911	ygcU
finO	finO
Q06067	atoS
yqfB	yqfB
Q06065	atoC
P0A855	tolB
P0A7T3	rpsP
P0A853	tnaA
P0A850	tig
P0A851	tig
pfkA	pfkA
P46068	dsdC
pfkB	pfkB
P0A858	tpiA
P0A7T7	rpsR
Q46908	ygcR
Q46909	ygcS
P06864	ebgA
yqeF	yqeF
Q46906	ygcP
P31801	chaA
Q46907	ygcQ
Q46904	ygcN
Q46905	ygcO
P31802	narP
Q46901	casA
tauB	tauB
A7ZWV5	betB
P18843	nadE
glpK	glpK
P0A7U3	rpsS
P0A864	tpx
B7LY40	pyrF
P0A862	tpx
glpQ	glpQ
Q8CXZ9	phoP
glpR	glpR
P31806	nnr
glpT	glpT
rlpB	lptE
P31808	yciK
P0A869	talA
glpX	glpX
P0A7U7	rpsT
P0A867	talA
rlpA	rlpA
Q46939	yqeF
gltA	gltA
gltB	gltB
Q46938	kduI
gltD	gltD
Q8XDS0	aspA
gltI	gltI
gltJ	gltJ
yqhD	yqhD
gltK	gltK
gltL	gltL
P0A832	smpB
P18811	malI
P0A830	dctA
P0A7R1	rplI
P0A838	sucC
P0A7R9	rpsK
P0A836	sucC
P0A7R5	rpsJ
P06846	ebgR
Q46927	tcdA
Q46925	csdA
B7L6M0	astD
Q46920	queF
yqgE	yqgE
B7L6M2	astC
P0A7S3	rpsL
P0A843	tatE
trxA	trxA
P0A840	surE
pflB	pflB
P0A7S9	rpsM
P0A847	tgt
trxB	trxB
trxC	trxC
pflA	pflA
P0A7G6	recA
Q8X4I9	dadX
P0A7G2	rbfA
P77179	rsxE
yqjD	yqjD
yqjH	yqjH
REV__P61517	
yqjI	yqjI
rluB	rluB
qor	qorA
P77183	paoD
P0A7H0	recF
P77184	lomR
P23305	yigA
rluD	rluD
P77180	ykgH
P25960	gspO
rluC	rluC
P77181	paaY
rluF	rluF
P77182	mnmC
P77169	yagJ
P0A7H6	recR
P77165	paoA
P0A7H3	recO
yqiC	ubiK
Q8XEJ1	tdh
P77172	pdeF
P77173	zipA
gltX	gltX
P77174	ybdM
P0A7I0	prfA
P09029	purK
P77170	pinQ
P77171	ydcI
P0A7E5	pyrG
P0A7E3	pyrE
P0A7E1	pyrD
P77199	yaiT
P0A7E2	pyrD
P0A7E9	pyrH
Q8XEH9	cusB
P0A7F6	speD
P0A7F7	speD
P77187	yahF
P0A7F3	pyrI
P77188	ecpB
P0A7F9	queA
P0A7G0	queA
P77196	yfcU
Q2M7X4	yicS
P77136	yqeK
P0A7K6	rplS
P36667	wbbL
P36673	treR
P36672	treB
P35340	ahpF
P09053	avtA
P0A7L3	rplT
P0A7L0	rplA
P0A7L8	rpmA
P36655	dsbD
P77129	ylbE
P36659	cbpA
glyQ	glyQ
glyS	glyS
P36662	torD
P36661	yccE
REV__B7UHU7	
P0A7M6	rpmC
P0A7M2	rpmB
glyA	glyA
P0A7I7	ribA
P36649	cueO
P77154	ycjT
P11349	narH
P0A7I6	prfC
P77156	ydcU
P0A7I4	prfC
iscR	iscR
REV__Q9T1W5	
iscS	iscS
P36647	ppdD
B1IS33	lplA
P36646	hofC
iscX	iscX
P36645	hofB
P11350	narI
P09030	xthA
P77161	glxR
P0A7J3	rplJ
P77162	ykfB
P23325	arpA
iscA	iscA
P0A7J0	ribB
P77163	tfaR
P77147	ydhT
P77148	ydhS
dcrB	dcrB
mnmC	mnmC
B7LXH5	cysH
P0A7J7	rplK
mnmA	mnmA
otsA	otsA
mnmG	mnmG
B1IS25	yjjX
mnmE	mnmE
P10030	pifC
P77150	pdxY
P0A7K2	rplL
P23331	tdk
dcuA	dcuA
Q2M7M3	ysaB
dcuR	dcuR
P67762	yhbP
B7NMJ5	glgC
P55799	pphB
REV__Q8XDG1	
P55798	pphA
dctA	dctA
B1IRE9	ileS
B7LXC5	hemA
REV__P77031	
hpcH	hpcH
P0A7C2	lexA
dcyD	dcyD
Q8XEG2	glmS
mntR	mntR
P0A7C8	psiE
P0A7C6	pepE
P67729	yfeO
P0A7D4	purA
P37908	yfjD
P37909	ybgD
P37903	uspF
P0A7D1	pth
P37906	puuB
speE	speE
speD	speD
speG	speG
P37902	gltI
speA	speA
speC	speC
P0A7D7	purC
speB	speB
Q2M7R5	yibT
Q8XEE5	rsmB
P0A7A2	gpmB
P0A7A9	ppa
P0A7A7	plsB
P0A7A5	pcm
P0A7A6	pcm
P0A7A3	gpmB
Q8X4C9	yicS
P25907	ydbD
P25906	pdxI
Q8XED4	feoB
B5YZ71	hslU
P0A7B3	nadK
P0A7B1	ppk
P0A7B8	hslV
P0A7B5	proB
A8A765	argE
Q8XEC3	ubiC
P00634	phoA
P0AF45	yjbE
P0AES6	gyrB
P0AF43	yjbB
P0AES3	gudD
P0AES4	gyrA
P0AES2	gudD
Q46839	glcA
Q8XD88	gmk
Q46836	pppA
P0AF40	yijD
P0AES0	gss
Q46834	yghF
Q46835	yghG
Q46832	yghD
Q46833	yghE
P0AES9	hdeA
P0AF49	yjbQ
Q46831	yqgA
P0AES7	gyrB
P0AF48	yjbQ
gmhA	gmhA
Q8XCW1	yqgE
P0AF56	yjcO
P0AF57	yjcO
P0AF54	yjcH
Q46829	bglA
P0AET5	hdeD
P0AET2	hdeB
P0AF52	ghxP
P0AF53	ghxP
P0AET3	hdeB
P0AF50	yjbR
P0AF51	yjbR
Q46824	ygfX
Q46821	uacT
Q46822	idi
Q46820	ygfT
P0AET8	hdhA
P0AF59	yjdI
P0AET9	hdhA
P60061	adiC
P0AEU0	hisJ
Q8XCV3	yfbR
exbD	exbD
Q8XCV1	yfbU
exbB	exbB
P0AEQ3	glnH
P0AF24	nagD
P0AEQ1	glcG
P0AF22	nagC
P0AEQ2	glcG
P0AF20	nagC
uvrD	uvrD
Q46858	yqhG
uvrA	uvrA
uvrB	uvrB
Q46856	yqhD
Q46857	dkgA
ispA	ispA
Q46855	yqhC
P0AF28	narL
ispB	ispB
P0AEQ8	glnP
P0AEQ5	glnH
P0AF25	nagD
Q46851	gpr
P0AEQ6	glnP
P0AF26	narJ
ispD	ispD
B1LLI3	ubiG
aat	aat
P0AF34	yiiR
Q8XD58	idi
P0AER5	gltK
Q8XCT9	cysS
P0AF32	narV
P0AER2	glpF
P0AER3	gltJ
P0AER0	glpF
P0AF30	narL
Q46845	yghU
Q46843	yghS
Q46844	yghT
Q46841	yghQ
P0AER8	gltS
P0AF36	zapB
Q46840	yghO
P0AER7	gltK
gmhB	gmhB
P07862	ddlB
P0AEW9	fruK
P75991	ycgZ
P75990	bluF
P0AEW8	gsk
P75995	pdeG
P0AEW5	cpdA
P0AF86	yjfY
P75994	ymgC
P0AEW6	gsk
P75993	ariR
P75992	ymgA
P0AEW4	cpdA
Q46877	norV
acs	acs
P62672	apaG
P0AF93	ridA
P0AEX3	kgtP
P0AF90	rraB
ibpA	ibpA
P0AEX1	fruK
P0AF91	rraB
P29208	menC
B1ITG7	rnb
P75980	beeE
add	add
B6I571	purM
P0AF98	lptF
P0AEX9	malE
P0AF96	tabA
P0AEX7	livH
P75982	ymfQ
P0AF94	ridA
P75981	jayE
P0AEX5	prkB
P75988	ycgX
Q46867	ygiZ
Q46868	ubiK
P75987	iraM
adk	adk
Q46865	mqsR
Q46866	ygiV
Q46863	ygiS
Q46864	mqsA
Q46861	ygiQ
P75989	bluR
ispG	ispG
Q46871	yqjH
ispF	ispF
ispH	ispH
P0AEY3	mazG
P0AEY4	mazG
P0AEY1	marC
P0AEY0	malE
uvrY	uvrY
P29217	yceH
P0AEU7	skp
P0AF67	tsaE
yrbB	mlaB
P0AF68	tsaE
yrbC	mlaC
P0AEU5	hisM
yrbD	mlaD
P0AF63	nsrR
P0AEU3	hisM
yrbE	mlaE
yrbF	mlaF
P0AF61	ghoS
P0AEU2	hisJ
Q46898	casD
Q46899	casC
Q46896	ygbT
Q46897	casE
P0AEU9	skp
aer	aer
yraP	yraP
spoT	spoT
P0AF70	yjeI
P0AEV1	rssB
P0AF71	yjeI
sppA	sppA
yraL	rsmI
yraM	lpoA
P0AF78	yjfJ
P0AEV9	hycI
P0AF76	yjfI
P0AEV7	hycH
P0AEV4	hycA
Q8XCX9	speA
P0AEV2	rssB
P0AF73	yjeT
Q46889	otnK
Q46888	ltnD
Q46892	ygbN
Q46893	ispD
Q46890	otnC
Q46891	otnI
B7L891	asnA
P0AEW1	hyfE
rho	rho
P0AF82	yjfN
Q8XCX2	nuoG
P0AF80	yjfL
P0AEW0	hycI
Q8XD03	pgk
nrdR	nrdR
P00393	ndh
P51981	ycjG
creA	creA
manC1	manC1
A0A385XJ53	insA9
B6I4S1	zapB
P75955	ycfT
P37679	sgbU
P0AEK5	fabI
P75954	ycfS
P75952	comR
P0AEK4	fabI
agp	agp
P37675	yiaN
P75959	nagK
P0AEK1	exoX
P75958	lolE
P37676	yiaO
P0AEK2	fabG
P37677	lyx
P75957	lolD
yrdA	yrdA
P37678	sgbH
P0AEK0	exoX
P37682	yiaU
moaB	moaB
P37683	yiaV
nrdB	nrdB
nrdA	nrdA
P37685	aldB
moaE	moaE
P0AEK7	fdnI
P37680	sgbE
moaD	moaD
P37681	yiaT
moaC	moaC
B7USQ3	argS
P0AEL6	fepB
P37669	wecH
P0AEL7	fepB
P75942	flgJ
Q8XCN8	yebO
Q8XCN9	fadI
P0AEL5	feoA
P75948	thiK
P37664	yiaC
P0AEL2	fdoI
P37665	yiaD
P0AEL3	feoA
P75946	ycfL
P37666	ghrB
P0AEL0	fdoI
P37671	yiaJ
yaaA	yaaA
P37672	dlgD
P37673	yiaL
P75949	nagZ
P37674	yiaM
P0AEL8	fimZ
yrbK	lptC
P61318	lolA
P61316	lolA
yrfF	yrfF
P75973	ymfJ
P75972	ymfI
P75971	ymfH
P75970	xisE
P75977	ymfM
P37657	bcsE
P0AEI4	rimO
P75976	ymfL
P75975	croE
P37659	bcsG
P0AEI1	miaB
ais	ais
P75974	cohE
P37653	bcsA
modA	modA
P75979	ymfR
P37655	bcsQ
P75978	ymfN
Q8XCM4	proQ
P37660	yhjV
alaS	alaS
P37661	eptB
P37662	yhjX
nadR	nadR
P37663	yhjY
yadG	yadG
P61321	lolB
P61320	lolB
P0AEI6	nudJ
P23003	trmA
P25666	htrL
P25665	metE
nadC	nadC
nadB	nadB
nadA	nadA
P75962	ymfA
P75961	ycfZ
P75960	cobB
nadE	nadE
P37646	pdeH
P75966	rluE
P0AEJ4	envZ
P37647	kdgK
P37648	yhjJ
P0AEJ2	entC
P37649	pdeK
P0AEJ3	entC
P37642	yhjD
P0AEJ0	emrB
B7L7S9	argS
P37643	yhjE
P75969	intE
P75968	ymfE
P37645	yhjG
P75967	ymfD
P37650	bcsC
mobB	mobB
P37651	bcsZ
mobA	mobA
P37652	bcsB
yacF	zapD
P0AEJ8	eutN
yacG	yacG
P0AEJ6	eutB
P0AEJ7	eutB
B7USP3	aspS
P07822	fhuD
P0AF01	modB
yafV	yafV
P07821	fhuC
Q8XD48	apt
nagE	nagE
nagD	nagD
P0AF00	moaB
nagK	nagK
P23070	
P0AF09	mrp
P75910	ycdU
P0AF08	mrp
P75915	ycdY
P75914	ycdX
P0AF06	motB
P75913	ghrA
P0AF03	mog
P0AF04	mog
P75919	clsC
P75917	ymdA
P75916	ycdZ
yafJ	yafJ
nagC	nagC
nagB	nagB
yafC	yafC
nagA	nagA
P0AF12	mtnN
P0AEP3	galU
P0AF10	mtlR
P0AEP1	galP
P0AF11	mtlR
rna	rna
rnc	rnc
alr	alr
rnb	rnb
rne	rne
rnd	rnd
P0AF18	nagA
rng	rng
P0AEP9	glcD
yaeP	yaeP
P0AF19	nagA
P0AF16	murJ
P0AEP7	gcl
moeA	moeA
rnk	rnk
P75901	efeU
yaeT	bamA
P0AEP5	galU
P75908	dgcT
modE	modE
P75906	pgaB
modC	modC
P75905	pgaC
yaeH	yaeH
rnr	rnr
modF	modF
rnt	rnt
P62601	treF
P0AEM0	fkpB
Q46819	ygfS
amn	amn
P62617	ispF
rob	rob
Q46817	ghxQ
Q46814	xdhD
P75933	flgA
Q46812	ssnA
rof	rof
P75931	yceM
Q46810	mocA
Q46811	ygfK
P0AEM6	fliA
P75937	flgE
P75936	flgD
P0AEM4	flgM
P0AEM2	fkpB
lldD	lldD
P75938	flgF
yahK	yahK
P0AEM9	fliY
P11072	lit
P11071	aceK
yahO	yahO
P63944	dapA
yahA	pdeL
P62615	ispE
P0A4L6	dsbA
Q46809	yqeC
P0AEN1	fre
Q46807	yqeA
P07813	leuS
Q8XCP2	fadJ
Q46808	yqeB
aldB	aldB
Q46806	hyuA
aldA	aldA
Q46803	ygeW
rpe	rpe
Q46801	xdhC
P0AEN8	fucU
Q46802	ygeV
P75920	mdoC
P0AEN6	ftsL
Q46800	xdhB
rph	rph
P37686	yiaY
P0AEN4	ftsL
P75925	yceJ
yagU	yagU
P37689	gpmI
P0AEN3	fre
yagJ	yagJ
P37690	envC
nagZ	nagZ
P37691	yibQ
P37692	rfaF
ddlB	ddlB
ddlA	ddlA
P62620	ispG
P62623	ispH
P0AEC5	barA
P0AEC3	arcB
REV__P35340	
yajO	yajO
P0AEC2	yoaE
P0AEC0	yoaE
yajQ	yajQ
yajC	yajC
yajD	yajD
yajG	yajG
P0AEC7	barA
P0AEC8	dcuS
apt	apt
Q8XDH0	lpxK
yaiW	yaiW
P0AED7	dapE
P0AED5	uvrY
P0AED2	uspA
P0AED0	uspA
yaiA	yaiA
yaiE	ppnP
P0AED9	dcm
rsd	rsd
Q8XDG3	cmoM
bolA	bolA
dusA	dusA
P0AEA2	csgG
P30192	insZ
P0AEA9	cysG
P0AEA8	cysG
P0AEA5	cyoE
P30176	ybiA
P30177	ybiB
P30178	hcxB
Q8XDE8	pncB
P0AEB4	dacA
P0AEB5	ynaI
P0AEB2	dacA
asd	asd
Q8XDE7	kdsA
P0AEB0	cysW
P0AEB8	yoaB
P0AEB7	yoaB
ddpA	ddpA
P00350	gnd
P37639	gadX
P37635	yhiS
P0AEG1	dppC
ttcA	ttcA
P13669	mngR
P37636	mdtE
P37637	mdtF
P0AEG0	dppB
P37631	yhiN
alkA	alkA
P37634	rlmJ
P37640	yhjB
P0AEG7	dsbC
P37641	yhjC
P0AEG8	dsrB
P0AEG5	dsbA
P0AEG6	dsbC
P67444	xanQ
P0AEG3	dppC
P0AEG4	dsbA
nanK	nanK
nanR	nanR
P37629	yhiL
P37624	rbbA
P0AEH2	rseP
Q8XDL7	ycgN
P0AEH3	elaA
P37626	yhiI
P0AEH1	rseP
P37627	yhiJ
P37621	yhhS
E2JKY7	mgtL
dusC	dusC
P37623	acpT
dusB	dusB
P0AEH8	yjiG
P37630	yhiM
nanA	nanA
P0AEH7	elaB
P0AEH5	elaB
nanE	nanE
carB	carB
P00370	gdhA
carA	carA
P37617	zntA
P37619	yhhQ
P37613	panZ
P37614	yhhL
P37615	yhhM
P37610	tauD
P0AEE8	dam
P0AEE5	mglB
P0AEE6	mglB
P0AEE3	degS
P0AEE4	degS
P0AEE1	dcrB
P00363	frdA
P0AEE9	dam
P0AEF0	dnaC
Q8XDJ6	ulaG
P13656	chiA
P0AEF8	dppB
P0AEF4	dpiA
P0AEF2	dnaC
allR	allR
C6UCN7	cysI
P30126	leuD
P30128	greB
P31459	dgoK
B7LYG4	yqfB
P29131	ftsN
P0ADY7	rplP
P31450	glvG
A0A385XJE6	insH21
P31452	glvC
P31453	yidP
P31456	cbrA
P30125	leuB
P31455	yidR
P0ADZ4	rpsO
P68739	nfi
P0ADZ0	rplW
P31447	yidJ
P31446	yidI
narQ	narQ
P31449	yidL
narP	narP
P31448	yidK
P0ADZ9	yajC
P0ADZ7	yajC
P31441	ade
P31440	adeQ
P31443	yidF
P31442	emrD
P17169	glmS
borD	borD
narL	narL
P31436	setC
P31435	yicJ
P0ADW8	yheV
P0AE88	cpxR
P31437	yicL
motB	motB
P0AE89	cpxR
P0ADW6	yhcC
P0AE86	cpxP
P0AE84	cpxA
P0AE85	cpxP
P0ADW5	yhcB
P31434	yicI
P31433	yicH
P0ADX3	yhfA
P0AE93	creA
P0ADX1	yhfA
P0AE91	creA
motA	motA
P0ADX0	yheV
P0ADX9	rsmD
P0ADX7	yhhA
P0AE98	csgF
P0ADX5	yhfG
P0AE95	csgE
P0ADX6	yhfG
P68767	pepA
Q9Z3A0	yjgW
P67430	nemR
P67431	nemR
P0ADY2	ppiD
P0ADY3	rplN
P0ADY0	rsmD
P0ADY1	ppiD
Q0TH50	msrB
P02929	tonB
P02925	rbsB
P02924	araF
CON__P35908	
P02921	melB
P02920	lacY
iciA	argP
Q0TGU2	flhD
P02919	mrcB
P02918	mrcA
P02916	malF
alsA	alsA
alsB	alsB
P30149	yabI
P30140	thiH
P31471	yieL
P31474	hsrA
P31473	ravA
P30143	yaaJ
P31475	yieP
P30147	hyi
A0A385XJL4	insB9
Q8XDB3	ychJ
P05194	aroD
P02943	lamB
P02942	tsr
A0A385XJL2	ygdT
P31469	cbrC
P30137	thiE
P31468	cbrB
P30138	thiF
P30139	thiG
P14900	murD
rnfG	rsxG
P30130	fimD
P31460	dgoR
P31463	yidZ
P30131	hypF
P31462	mdtL
rnfH	rnfH
rnfC	rsxC
rnfB	rsxB
P31467	yieH
P30136	thiC
P31466	adeP
A0A385XJK5	ypaB
P31470	yieK
P02932	phoE
P02931	ompF
P02930	tolC
P0AFU6	yiiF
sbp	sbp
P0AG67	rpsA
P0AFU4	glrR
P0AFU5	qseF;glrR
B1LMM2	murQ
P0AFU2	yfbS
P0AG63	rpsQ
P0AFU0	yejB
P0AFU1	yejB
P0AFU8	ribC
P0AG69	rpsA
visC	ubiI
P0AFV0	yibH
A0A385XJN2	ygiA
P0AG77	sbcD
P0AFV8	pspD
P31600	nfrA
P0AG78	sbp
P0AG76	sbcD
P0AFV6	mepS
P0AG74	rusA
P0AFV4	mepS
P0AG71	rmuC
P0AFV2	yhiD
P0AG72	rmuC
P17315	cirA
P20966	fruA
iclR	iclR
P0AFW0	rfaH
P0AG80	ugpB
P0AG81	ugpB
P0AFW1	rfaH
Q8XC50	nlpA
Q0TFG0	nuoC
P0AG44	rplQ
pheA	pheA
P0AFS5	tqsA
P0AG42	ribF
P0AFS3	folM
Q8XBS7	ygiQ
P0AG40	ribF
P0AFS1	lsrD
Q8XBS3	qseB
P0AG48	rplU
P0AFS9	mepM
bcp	bcp
P0AFS7	ydiK
P68919	rplY
P0AFT5	btsR
P0AG55	rplF
P0AG51	rpmD
P0AFT2	yecS
deaD	deaD
P0AG59	rpsN
B1LMJ5	gltX
P0AFT7	btsR
P0AFT8	yeiW
Q0TFI7	arnA
cscB	cscB
P31658	hchA
P0AFY8	seqA
P0AFY9	seqA
P0AFY6	sbmA
P0AFY4	sanA
P0DPC7	rseD
P0DPC8	ymcF
P0DPC9	ynfQ
Q46755	ychQ
dedD	dedD
P0DPD0	ldrA
P0DPD1	ldrC
P0A698	uvrA
P0AFZ3	sspB
A0A385XK32	yzfA
P0AFZ4	sspB
P0AFZ1	sseB
Q8XBY4	cusS
Q8XBY2	cusF
P0AFZ7	trkH
P0AFZ5	sulA
A7ZZ38	flgI
bfr	bfr
pheS	pheS
CON__P19013	
pheT	pheT
B1IUH4	fabH
pheP	pheP
Q8XBX1	ybdK
P0AFW8	rof
P0AG88	secB
P0AG86	secB
P0AFW6	rnk
P0AFW4	rnk
P0AG84	yghA
P0AG85	yghA
P0AG82	pstS
P0AFW2	rmf
P0AFW3	rmf
pykA	pykA
ybbN	cnoX
ybbO	ybbO
ybbA	ybbA
P17334	chbC
P0AG91	secD
ybaY	ybaY
P0AFX2	hpf
P0AFX0	hpf
P0AG90	secD
P0AFX9	rseB
P0AG99	secG
ybaQ	ybaQ
P0AFX7	rseA
Q8XBV9	entF
P0AFX8	rseA
P0AG98	secE
P0AG95	secF
P0AG96	secE
P0AG93	secF
P0AFX4	rsd
ybaW	fadM
Q46769	rfbD
ybaK	ybaK
ybaB	ybaB
fklB	fklB
P0DPC4	ytiC
ybaE	ybaE
P0DPC5	ytiD
P0DPC6	idlP
P0AFY2	sanA
B1IUF7	ycfP
B1IUF8	nagZ
P0AFY0	rseB
P04036	dapB
P0AFM6	pspA
ybdL	ybdL
P0AFM7	pspA
P0AFM4	psiF
P0AFM2	proX
P0DP70	phnE
P0AFM3	proX
Q8CW45	lolB
ybdH	hcxA
P0AFM9	pspB
skp	skp
Q1R9N1	yejL
degS	degS
Q8XBL0	pdxK
degP	degP
P07913	tdh
P0DP89	ilvG
degQ	degQ
ybcJ	ybcJ
P0AFN6	yadH
P0AFN1	pspB
P0AFN2	pspC
pykF	pykF
P37794	chbG
rnpA	rnpA
P62768	yaeH
slt	slt
P0AFK4	potB
P0AFK2	pnuC
c4155	c4155
P0AFK0	pmbA
P37774	yecC
P0AFK1	pmbA
Q8CW16	dmsD
ybfE	ybfE
ybfF	ybfF
P0AFK9	potD
P0AFK6	potC
bla	bla
P0DP63	ybeH
P0DP64	ybeM
ybeY	ybeY
gnsA	gnsA
ybeZ	ybeZ
gnsB	gnsB
P0DP69	phnE1
P37767	yfhH
ybeL	ybeL
P0AFL5	ppiA
P0AFL6	ppx
P0AFL3	ppiA
P37769	kduD
P0AFL1	potI
ysgA	ysgA
Q8XBJ4	ucpA
P37765	rluB
P37766	ydiF
Q8XBJ2	murQ
ybeD	ybeD
P37772	yjfF
P37773	mpl
P0AFL9	pqiA
P0AFL8	ppx
fkpB	fkpB
fkpA	fkpA
P25798	fliF
ybeB	rsfS
P0AFQ2	ybhS
P06612	topA
P0AG22	relA
P06611	btuD
P0AG20	relA
P06616	era
phoU	phoU
P0AFQ9	ycfH
P0AG29	yibN
P0AFQ7	ycfH
P0AG27	yibN
phoP	phoP
P0AG24	spoT
P19930	hyaD
P0AFQ5	rutC
P19931	hyaE
P0AG25	spoT
P19925	entD
P19926	agp
Q1R9R2	nfo
Q8CW88	gsiB
ybhA	ybhA
Q8CVW3	eco
ybhC	ybhC
P0AG34	rhtB
P0AFR4	yciO
Q0TFB7	aroC
P0AFR2	dauA
P0AG32	rho
Q8XBP4	ygiB
P0AFR0	rssA
P0AG30	rho
P0AFR9	ydcV
P0AFR7	ycjO
P0AG38	rhtC
P0AFR5	yciO
P19932	hyaF
ybgF	cpoB
P19934	tolA
ybgI	ybgI
ybgJ	pxpB
spr	lexA
ybgK	pxpC
gntR	gntR
P62723	yeiH
phnB	yjdN
ybgC	ybgC
spy	spy
phnA	yjdM
P0AG00	wzzE
P23173	tnaB
Q8XC04	ibpB
P0AG01	wzzE
REV__Q8X5W4	
ybjQ	ybjQ
P0AG09	rpe
ybjS	ybjS
P0AG07	rpe
P0DP90	
P0AG04	ubiX
P0AG03	ubiX
ybjX	ybjX
uxaC	uxaC
pyrI	pyrI
ybjN	ybjN
ybjP	ybjP
deoD	deoD
deoB	deoB
deoC	deoC
deoA	deoA
P0AG11	umuD
ybiX	ybiX
P0AFP2	atl
P0AFP0	yadS
sra	sra
Q8XBN2	gltX
P0AFP9	ybhR
P06609	btuC
pyrE	pyrE
P0AG19	purE
pyrF	pyrF
pyrG	pyrG
Q8XBN9	lptE
P0AG18	purE
pyrH	pyrH
ybiS	ybiS
P0AFP8	ybgI
ybiT	ybiT
P0AFP5	ybbO
P0AG16	purF
P0AFP6	ybgI
pyrB	pyrB
pyrC	pyrC
P0AFP4	ybbO
P0AG14	sohB
pyrD	pyrD
ybiJ	ybiJ
ybiB	ybiB
ybiC	hcxB
P06610	btuE
ssb	ssb
REV__P23482	
amiA	amiA
Q0TG79	yeeX
P0AFE4	nuoK
P0AFE0	nuoJ
P25728	ygbA
P0AFE8	nuoM
P78271	yfeS
P0AFF0	nuoN
deoR	deoR
P0AFF8	nusA
Q8XCE7	otsA
P0AFF6	nusA
P25738	msyB
P0AFF3	nupC
P0AFF4	nupG
P25737	lysP
P0AFF2	nupC
P25736	endA
csrA	csrA
P0AFC3	nuoA
P0AFC0	nudB
P00448	sodA
B7MLQ9	argI
B7NP55	glyS
cbpA	cbpA
P0AFC7	nuoB
P13738	nhaA
P62707	gpmA
cspD	cspD
cspE	cspE
cspC	cspC
cspA	cspA
P0AFD6	nuoI
P0AFD4	nuoH
P0AFD1	nuoE
P0AFD2	nuoE
P25718	malS
B1LLX7	cyaY
P25714	yidC
P78285	rrrD
B6I5M1	metAS
Q8XCK0	yebF
P25772	ligB
mppA	mppA
P0AFI2	parC
P37757	yddE
P0AFI3	parC
P0AFI0	oxc
P37758	narU
P37759	rfbB
P37754	gnd
P37760	rfbD
P0AFI9	perM
cstA	cstA
P0AFI7	pdxH
nsrR	nsrR
P0AFI5	pbpG
Q8XCJ9	purT
Q2M5U1	ytjA
P37749	wbbI
P37745	rfbC
P0AFJ3	yjdM
P37746	rfbX
P0AFJ1	yjdM
P37747	glf
P37748	rfc
P37742	manB
P37744	rfbA
P37750	wbbJ
P0AFJ9	pitA
P37751	wbbK
P0AFJ7	pitA
P0AFJ5	phoB
P0AFJ6	phoB
P00452	nrdA
syd	syd
mprA	mprA
P00490	malP
REV__Q8FBA9	
P0AFG0	nusG
P0AFG1	nusG
Q8XCI6	yecE
B1IU77	cysJ
P0AFG8	aceE
P0AFG9	aceE
P0AFG6	sucB
P0AFG7	sucB
P25748	galS
P0AFG5	sucA
P0AFG3	sucA
P25745	mnmA
P25744	mdtG
P25747	yeiB
P25746	hflD
P25741	rfaP
P25740	rfaG
P25743	ychE
P25742	rfaQ
P0DP21	yjiP
P0DP22	yjiQ
P0AFH2	oppB
tufA	tufA
P0AFH0	ogt
P0AFH9	osmY
P0AFH8	osmY
P0AFH6	oppC
P0AFH4	oppB
Q8CWD2	btuF
Q46799	xdhA
P31572	caiB
Q46797	ygeQ
Q46798	ygeR
P31574	fixB
Q46795	ygeO
Q46796	ygeP
Q0TFN6	napA
Q46789	ygeI
Q46786	ygeF
Q46787	ygeG
P30235	psuK
Q46793	ygeN
P42213	kpsD
Q46791	ygeK
Q46790	pbl
P42218	kpsS
P42217	kpsC
P42216	kpsU
P0AEY7	mdaB
P0AEY8	mdfA
P0AEY5	mdaB
rodZ	rodZ
P31551	caiD
P31550	thiB
P31553	caiT
P31552	caiC
P31554	lptD
B7L8D5	wecF
P0AEZ5	minD
P0AEZ3	minD
P43531	ynfM
P0AEZ1	metF
P43533	flgN
P31545	efeB
P31548	thiQ
P31547	metI
P31549	thiP
P0AEZ9	moaB
P0AEZ7	mltD
P67553	ynfC
fldB	fldB
fldA	fldA
P0AFA2	narX
P42269	hpcC
P0AFA3	narX
P0AFA0	lptF
Q8XCB3	valS
P0AFA9	nikC
P0AFA7	nhaB
P0AFA5	nfrB
tap	tap
tar	tar
tas	tas
P0AFB1	nlpI
P0AFB9	glnG
P0AFB8	glnG
P0AFB5	glnL
P0AFB6	glnL
ugpQ	ugpQ
can	can
ugpB	ugpB
ugpC	ugpC
cat	cat
Q8CWE6	lptD
A7ZHJ5	guaC
tdh	tdh
tdk	tdk
