aaeA	5
aaeB	[2]
aaeR	79
aaeX	[5]
aas	80
aat	111
abgA	12
abgB	9
abgR	26
abgT	3
abrB	8
accA	1800
accB	5637
accC	1951
accD	2475
aceA	14155
aceB	8427
aceE	5837
aceF	5226
aceK	71
ackA	1197
acnA	862
acnB	7660
acpH	126
acpP	85961
acpS	142
acpT	125
acrA	1295
acrB	433
acrD	10
acrE	[0]
acrF	1
acrR	87
acs	643
actP	46
ada	15
add	265
ade	46
adhE	4687
adhP	773
adiA	8
adiC	[1]
adiY	11
adk	7177
adrA	5
adrB	4
aegA	4
aer	6
aes	17
afuC	7
agaB	[6]
agaC	[0]
agaD	[2]
agaI	[3]
agaR	187
agaS	[3]
agaV	20
agp	306
ahpC	37153
ahpF	1554
aidB	150
ais	176
alaA	533
alaC	361
alaS	1795
aldA	1620
aldB	76
alkA	37
alkB	17
allA	[8]
allB	6
allC	6
allD	[1]
allR	857
allS	[0]
alpA	28
alr	158
alsA	[0]
alsB	41
alsC	[2]
alsE	13
alsK	7
alx	27
amiA	290
amiB	173
amiC	68
amiD	82
amn	1104
ampC	132
ampD	202
ampE	90
ampG	55
ampH	116
amtB	132
amyA	398
anmK	151
ansA	435
ansB	27
ansP	25
apaG	260
apaH	184
apbE	17
aphA	62
appA	42
appB	26
appC	35
appY	72
apt	2029
aqpZ	25
araA	17
araB	5
araC	115
araD	[4]
araE	11
araF	9
araG	7
araH	13
araJ	17
arcA	3622
arcB	97
argA	1129
argB	1736
argC	1076
argD	2537
argE	1444
argF	2536
argG	8231
argH	1878
argI	2562
argK	[0]
argO	88
argP	624
argR	1003
argS	955
argT	2939
ariR	182
arnA	317
arnB	389
arnC	248
arnD	39
arnE	[10]
arnF	18
arnT	14
aroA	1636
aroB	444
aroC	819
aroD	463
aroE	224
aroF	1305
aroG	6677
aroH	696
aroK	2458
aroL	387
aroM	116
aroP	1194
arpA	[1]
arrD	[2]
arrQ	[1]
arsB	8
arsC	116
arsR	24
artI	2088
artJ	5888
artM	93
artP	461
artQ	107
ascB	21
ascF	[1]
ascG	103
asd	10592
aslA	5
aslB	[1]
asmA	75
asnA	794
asnB	1344
asnC	156
asnS	4166
aspA	71
aspC	7192
aspS	1908
asr	117
astA	9
astB	9
astC	94
astD	20
astE	10
atoA	[0]
atoB	[3]
atoC	32
atoD	[0]
atoE	[0]
atoS	3
atpA	9565
atpB	3471
atpC	3640
atpD	8213
atpE	23624
atpF	4477
atpG	3131
atpH	2677
atpI	67
avtA	849
azoR	1111
azuC	7360
bacA	224
baeR	226
baeS	23
bamA	1512
bamB	1064
bamC	1103
bamD	2233
bamE	1917
barA	56
basR	542
basS	120
bax	555
bcp	5115
bcr	78
bcsA	3
bcsB	33
bcsC	17
bcsE	230
bcsF	183
bcsG	129
bcsZ	15
bdm	385
betA	67
betB	219
betI	39
betT	51
bfd	227
bfr	4062
bglA	916
bglB	[3]
bglF	[0]
bglG	[0]
bglH	[1]
bglJ	[0]
bglX	227
bhsA	1039
bioA	259
bioB	898
bioC	123
bioD	675
bioF	122
bioH	158
birA	131
bisC	172
blc	378
blr	506
bolA	2040
borD	3140
brnQ	167
bsmA	144
bssR	[10]
bssS	124
btuB	564
btuC	29
btuD	92
btuE	998
btuF	38
btuR	130
cadA	[0]
cadB	[0]
cadC	14
caiA	18
caiB	11
caiC	8
caiD	11
caiE	[2]
caiF	258
caiT	[0]
can	5058
carA	5516
carB	5867
casA	6
casB	15
casC	26
casD	8
casE	20
cbl	372
cbpA	583
cbpM	548
cbrA	[2]
cbrB	[7]
cbrC	23
cca	122
ccmA	23
ccmB	12
ccmC	65
ccmD	76
ccmE	58
ccmF	14
ccmG	27
ccmH	34
cdaR	7
cdd	287
cdh	58
cdsA	182
cedA	139
cfa	1715
chaA	197
chaB	406
chaC	25
chbA	41
chbB	158
chbC	3
chbF	10
chbG	36
chbR	27
cheA	13
cheB	[1]
cheR	[1]
cheW	48
cheY	46
cheZ	37
chiA	30
chiP	[0]
chiQ	[2]
cho	53
chpB	47
chpS	252
cirA	79
citC	[0]
citD	[1]
citE	[0]
citF	[0]
citG	[0]
citT	[0]
citX	[0]
clcA	50
clcB	10
cld	1434
clpA	2420
clpB	1421
clpP	3256
clpS	304
clpX	2475
cls	252
cmk	536
cmoA	317
cmoB	209
cmtA	[0]
cmtB	[2]
cnu	186
coaA	327
coaD	323
coaE	133
cobB	572
cobC	24
cobS	149
cobT	109
cobU	52
codA	2303
codB	1466
cof	35
cohE	223
copA	922
corA	463
cpdA	153
cpdB	207
cpsB	4
cpsG	8
cpxA	106
cpxP	120
cpxR	1543
crcB	223
creA	489
creB	64
creC	17
creD	[2]
crl	5379
croE	14
crp	3903
crr	14155
csdA	72
csdE	181
csdL	193
csgA	128
csgB	[0]
csgC	[5]
csgD	85
csgE	19
csgF	53
csgG	57
csiD	111
csiE	32
csiR	37
cspA	2012
cspB	34
cspC	50154
cspD	2643
cspE	29309
cspF	[7]
cspG	73
cspH	[3]
cspI	[2]
csrA	7647
csrD	33
cstA	177
cueO	1987
cueR	441
cusA	3
cusB	6
cusC	5
cusF	44
cusR	109
cusS	28
cutA	207
cutC	194
cvpA	106
cvrA	55
cyaA	263
cyaY	963
cybB	803
cycA	541
cydA	615
cydB	445
cydC	136
cydD	158
cynR	47
cynS	62
cynT	14
cynX	[1]
cyoA	3421
cyoB	2179
cyoC	2749
cyoD	4458
cyoE	870
cysA	2214
cysB	901
cysC	957
cysD	4115
cysE	524
cysG	132
cysH	1579
cysI	2569
cysJ	2057
cysK	24492
cysM	1411
cysN	3066
cysP	2281
cysQ	533
cysS	870
cysU	419
cysW	308
cysZ	189
cytR	89
dacA	1180
dacB	133
dacC	876
dacD	6
dadA	181
dadX	54
dam	128
damX	826
dapA	2172
dapB	1990
dapD	8536
dapE	263
dapF	294
dbpA	60
dcd	819
dcm	162
dcp	980
dcrB	1413
dctA	107
dctR	32
dcuA	574
dcuB	[0]
dcuC	[0]
dcuD	[0]
dcuR	167
dcuS	21
dcyD	795
ddlA	296
ddlB	296
ddpA	40
ddpB	[2]
ddpC	[3]
ddpD	[4]
ddpF	5
ddpX	19
deaD	858
dedA	214
dedD	204
def	673
degP	1601
degQ	482
degS	133
deoA	237
deoB	1012
deoC	636
deoD	2993
deoR	192
der	625
dfp	285
dgkA	665
dgoA	[5]
dgoD	18
dgoK	7
dgoR	170
dgoT	[0]
dgsA	56
dgt	129
dhaK	318
dhaL	410
dhaM	414
dhaR	24
diaA	239
dicA	323
dicB	[4]
dicC	23
dinB	20
dinD	32
dinF	16
dinG	15
dinI	655
dinJ	890
dinQ	[21]
djlA	137
djlB	[0]
djlC	[2]
dkgA	600
dkgB	236
dksA	5438
dld	1068
dmlA	49
dmlR	62
dmsA	21
dmsB	27
dmsC	16
dmsD	210
dnaA	290
dnaB	210
dnaC	135
dnaE	79
dnaG	98
dnaJ	938
dnaK	10567
dnaN	529
dnaQ	516
dnaT	92
dnaXgamma	84
dnaXtau	85
dosC	81
dosP	20
dpiA	60
dpiB	[2]
dppA	5339
dppB	270
dppC	231
dppD	367
dppF	413
dps	13008
dsbA	2628
dsbB	357
dsbC	706
dsbD	145
dsbG	229
dsdA	131
dsdC	50
dsdX	[2]
dsrB	714
dtd	649
dtpA	24
dtpB	41
dtpD	59
dusA	256
dusB	110
dusC	25
dut	1435
dxr	122
dxs	308
eamA	156
eamB	9
ebgA	[1]
ebgC	[5]
ebgR	67
ecnA	98
ecnB	23546
eco	182
ecpD	[0]
eda	3295
edd	80
efeB	67
efeO	566
efp	7562
elaA	425
elaB	11477
elaD	11
elbB	894
elfA	19
elfC	[1]
elfD	[0]
elfG	16
emrA	229
emrB	40
emrD	[0]
emrE	142
emrK	[3]
emrY	[2]
emtA	609
endA	7
eno	21234
entA	33
entB	62
entC	60
entD	[4]
entE	33
entF	24
entH	20
entS	23
envC	106
envR	[1]
envY	9
envZ	43
epd	266
eptA	126
eptB	26
era	610
erfK	183
erpA	4534
essD	[2]
essQ	[0]
etk	23
etp	33
eutA	[2]
eutB	101
eutC	76
eutD	[2]
eutE	[2]
eutG	[2]
eutH	[2]
eutJ	[0]
eutK	40
eutL	145
eutM	73
eutN	[0]
eutP	[0]
eutQ	7
eutR	22
eutS	[0]
eutT	[1]
evgA	420
evgS	69
exbB	777
exbD	298
exoX	223
exuR	289
exuT	4
fabA	4392
fabB	3376
fabD	3142
fabF	1598
fabG	4015
fabH	1564
fabI	8248
fabR	244
fabZ	3099
fadA	75
fadB	64
fadD	114
fadE	113
fadH	21
fadI	39
fadJ	37
fadK	4
fadL	416
fadM	50
fadR	395
fbaA	13978
fbaB	2753
fbp	1028
fcl	[4]
fdhD	111
fdhE	351
fdhF	1
fdnG	0
fdnH	[1]
fdnI	[2]
fdoG	11
fdoH	13
fdoI	16
fdrA	[0]
fdx	1374
feaB	28
feaR	17
fecA	12
fecB	19
fecC	3
fecD	[3]
fecE	44
fecI	65
fecR	34
feoA	181
feoB	168
feoC	50
fepA	32
fepB	88
fepC	36
fepD	11
fepE	[0]
fepG	6
fes	9
ffh	754
fhlA	25
fhuA	355
fhuB	11
fhuC	54
fhuD	27
fhuE	10
fhuF	261
fic	173
fieF	102
fimA	4754
fimB	394
fimC	55
fimD	10
fimE	28
fimF	14
fimG	16
fimH	25
fimI	17
fimZ	[4]
fis	7711
fiu	54
fixA	[4]
fixB	6
fixC	[1]
fixX	[4]
fklB	2940
fkpA	3102
fkpB	472
fldA	4019
fldB	559
flgA	9
flgB	21
flgC	17
flgD	23
flgE	45
flgF	11
flgG	31
flgH	7
flgI	8
flgJ	[3]
flgK	11
flgL	39
flgM	151
flgN	38
flhA	[2]
flhB	[1]
flhC	72
flhD	122
flhE	[2]
fliA	9
fliC	157
fliD	6
fliE	14
fliF	[1]
fliG	[2]
fliH	[2]
fliI	[1]
fliJ	[1]
fliK	5
fliL	[8]
fliM	7
fliN	12
fliO	[1]
fliP	[1]
fliQ	[1]
fliR	[2]
fliS	22
fliT	[5]
fliY	7219
fliZ	17
flk	81
flu	123
flxA	58
fmt	435
fnr	2582
focA	133
focB	[2]
folA	398
folB	161
folC	342
folD	1311
folE	9024
folK	172
folM	87
folP	345
folX	2140
fpr	495
frc	21
frdA	141
frdB	144
frdC	119
frdD	141
fre	759
frlA	[0]
frlB	12
frlC	8
frlD	[3]
frlR	129
frmA	736
frmB	129
frmR	299
frr	5780
frsA	327
fruA	179
fruB	184
fruK	155
fruR	314
frvA	[1]
frvB	[1]
frvR	[0]
frvX	5
frwB	16
frwC	[0]
frwD	[7]
fryA	4
fryB	[1]
fryC	[0]
fsaA	86
fsaB	15
fsr	53
ftnA	2719
ftnB	170
ftsA	575
ftsB	140
ftsE	320
ftsH	1124
ftsI	144
ftsK	213
ftsL	201
ftsN	269
ftsP	196
ftsQ	147
ftsW	117
ftsX	244
ftsY	519
ftsZ	3335
fucA	[6]
fucI	26
fucK	9
fucO	24
fucP	[0]
fucR	97
fucU	723
fumA	1969
fumB	21
fumC	429
fur	2619
fusA	15930
fxsA	139
gabD	465
gabP	43
gabT	369
gadA+gadB	2691
gadC	348
gadE	552
gadW	246
gadX	284
galE	728
galF	2808
galK	258
galM	1015
galP	194
galR	96
galS	8
galT	135
galU	2932
gapA	59076
garD	15
garK	19
garL	10
garP	[0]
garR	83
gatA	3865
gatB	2860
gatC	3222
gatD	2360
gatY	9086
gatZ	6372
gcd	415
gcl	9
gcp	493
gcvA	117
gcvH	4002
gcvP	836
gcvR	579
gcvT	941
gdhA	5645
gfcA	66
gfcB	[0]
gfcC	[5]
gfcD	4
gfcE	21
ggt	360
ghrA	825
ghrB	1988
glcA	17
glcB	338
glcC	126
glcD	11
glcE	7
glcF	10
glcG	278
gldA	94
glf	1796
glgA	622
glgB	448
glgC	910
glgP	427
glgS	1445
glgX	180
glk	544
glmM	1268
glmS	2254
glmU	795
glnA	14311
glnB	2073
glnD	167
glnE	153
glnG	274
glnH	3566
glnK	223
glnL	82
glnP	314
glnQ	700
glnS	1605
gloA	2525
gloB	401
glpA	[0]
glpB	[0]
glpC	5
glpD	45
glpE	330
glpF	8
glpG	138
glpK	129
glpQ	31
glpR	295
glpT	[2]
glpX	238
glrK	23
glrR	60
gltA	8529
gltB	6013
gltD	6079
gltF	623
gltI	3332
gltJ	80
gltK	75
gltL	357
gltP	124
gltS	108
gltX	2554
glxK	39
glxR	10
glyA	22684
glyQ	1790
glyS	1945
gmd	17
gmhB	530
gmk	524
gmm	[2]
gmr	89
gnd	9767
gnsA	921
gnsB	3542
gntK	49
gntP	5
gntR	158
gntT	58
gntU	5
gntX	[2]
gor	1055
gph	432
gpmA	11670
gpmM	2600
gpp	153
gpr	114
gpsA	355
gpt	2035
greA	1510
greB	149
groL	11204
groS	13733
grpE	4731
grxA	431
grxB	2912
grxC	2978
grxD	8964
gshA	502
gshB	1288
gsiA	219
gsiB	574
gsiC	93
gsiD	109
gsk	323
gspA	[1]
gspB	[5]
gspC	7
gspD	5
gspE	[2]
gspF	[2]
gspG	[2]
gspH	[0]
gspI	[0]
gspJ	[0]
gspK	[0]
gspL	[1]
gspM	[6]
gspO	[1]
gss	558
gst	1382
gtrA	118
gtrB	639
gtrS	439
guaA	3901
guaB	5538
guaC	3013
guaD	37
gudD	58
gudP	[0]
gudX	[2]
gutM	11
gutQ	187
gyrA	1407
gyrB	1276
hcaB	11
hcaC	14
hcaD	27
hcaE	10
hcaF	[6]
hcaR	61
hcaT	20
hchA	1879
hcp	[1]
hcr	16
hda	99
hdeA	19005
hdeB	5467
hdeD	1108
hdfR	166
hdhA	1152
helD	165
hemA	115
hemB	1093
hemC	322
hemD	96
hemE	621
hemF	85
hemG	329
hemH	124
hemL	1124
hemN	305
hemX	543
hemY	305
hflC	923
hflD	320
hflK	1048
hflX	374
hfq	8277
hha	1656
hicA	[19]
hicB	233
higA	128
higB	[10]
hinT	2098
hipA	62
hipB	91
hisA	739
hisB	1721
hisC	1453
hisD	1353
hisF	989
hisG	2567
hisH	1212
hisI	2042
hisJ	5085
hisL	640
hisM	142
hisP	348
hisQ	154
hisS	1118
hiuH	81
hlyE	11
hmp	289
hns	28848
hofB	[1]
hofC	[1]
hofM	12
hofN	[4]
hofO	[1]
hofP	[1]
hofQ	[2]
hokA	[2]
hokB	[17]
hokC	[0]
hokD	[8]
hokE	[2]
holA	82
holB	77
holC	167
holD	118
holE	903
hpf	2917
hpt	1120
hrpA	197
hrpB	39
hscA	542
hscB	416
hscC	[1]
hsdM	450
hsdR	186
hsdS	158
hslJ	264
hslO	952
hslR	174
hslU	1426
hslV	1016
hspQ	254
hsrA	10
htpG	2421
htpX	824
htrE	[0]
hupA	29042
hupB	28193
hyaA	7
hyaB	7
hyaC	[3]
hyaD	[4]
hyaE	[4]
hyaF	[2]
hybA	10
hybB	5
hybC	40
hybD	26
hybE	23
hybF	[9]
hybG	74
hybO	15
hycA	[1]
hycB	[1]
hycC	[1]
hycD	[1]
hycE	6
hycF	[7]
hycG	8
hycH	18
hycI	91
hydN	[1]
hyfA	[0]
hyfB	[0]
hyfC	[0]
hyfD	[0]
hyfE	[1]
hyfF	[1]
hyfG	4
hyfH	9
hyfI	[6]
hyfJ	[4]
hyfR	[0]
hyi	9
hypA	[3]
hypB	54
hypC	19
hypD	24
hypE	38
hypF	14
hyuA	[2]
iaaA	257
iadA	225
iap	34
ibpA	666
ibpB	138
ibsA	[0]
ibsB	[0]
ibsC	[0]
ibsD	[0]
ibsE	[0]
icd	38899
iclR	147
idi	96
idnD	9
idnK	15
idnO	19
idnR	60
idnT	[2]
ihfA	5115
ihfB	12357
ileS	2270
ilvA	400
ilvB	1990
ilvC	29455
ilvD	675
ilvE	2671
ilvH	1131
ilvI	944
ilvL	4076
ilvM	279
ilvN	1617
ilvX	972
ilvY	33
inaA	234
infA	5683
infB	2855
infC	5470
insA	[0]
insB	[0]
insC	[0]
insD	[0]
insE	[0]
insF	[0]
insG	57
insH	[0]
insI	[0]
insJ	[5]
insK	5
insL	[0]
insQ	45
intA	232
intD	11
intE	10
intF	293
intR	3
intS	111
intZ	44
iraD	44
iraM	[1]
iraP	1040
iscA	1974
iscR	3324
iscS	5500
iscU	7019
iscX	1140
ispA	294
ispB	593
ispD	123
ispE	223
ispF	445
ispG	675
ispH	409
ispU	318
ivbL	1526
ivy	2267
katE	1967
katG	1908
kbaY	[2]
kbaZ	5
kbl	97
kch	123
kdgK	351
kdgR	649
kdgT	[2]
kdpA	[0]
kdpB	3
kdpC	[8]
kdpD	40
kdpE	52
kdpF	[1]
kdsA	2596
kdsB	899
kdsC	313
kdsD	470
kduD	68
kduI	22
kefA	122
kefB	26
kefC	39
kefF	91
kefG	66
kgtP	3937
kilR	[4]
kptA	[6]
kup	75
lacA	24
lacI	129
lacY	[2]
lacZ	10
lamB	314
ldcA	179
ldcC	73
ldhA	998
ldrA+ldrC	[1]
ldrB	[0]
ldrD	[8]
lepA	987
lepB	338
leuA	2685
leuB	3334
leuC	4284
leuD	5305
leuE	14
leuL	10282
leuO	11
leuS	2074
lexA	645
lgt	279
lhgO	24
lhr	16
ligA	292
ligB	[2]
ligT	41
lipA	1101
lipB	271
lit	151
livF	1162
livG	819
livH	708
livJ	22347
livK	3960
livM	527
lldD	316
lldP	33
lldR	26
lnt	128
lolA	741
lolB	782
lolC	140
lolD	337
lolE	124
lon	1485
lpcA	1650
lpd	9566
lplA	182
lplT	41
lpp	619492
lptA	853
lptB	631
lptC	199
lptD	1037
lptE	522
lptF	209
lptG	166
lpxA	754
lpxB	126
lpxC	2844
lpxD	982
lpxH	68
lpxK	57
lpxL	168
lpxM	315
lpxP	6
lpxT	84
lrhA	174
lrp	5813
lspA	353
lsrA	[2]
lsrB	28
lsrC	[1]
lsrD	[2]
lsrF	37
lsrG	51
lsrK	12
lsrR	44
ltaE	516
luxS	9292
lysA	726
lysC	2887
lysP	938
lysR	28
lysS	2858
lysU	315
lyxK	[1]
maa	147
macA	134
macB	54
maeA	861
maeB	1019
mak	279
malE	682
malF	28
malG	40
malI	30
malK	61
malM	282
malP	744
malQ	220
malS	19
malT	299
malX	12
malY	124
malZ	77
manA	576
manX	2117
manY	2026
manZ	1997
map	2117
marA	394
marB	29
marC	94
marR	20
matA	[0]
matB	135
matC	[2]
matP	360
mazE	229
mazF	123
mazG	168
mcbA	128
mcbR	56
mcrA	47
mcrB	123
mcrC	17
mdaB	850
mdfA	50
mdh	16149
mdlA	20
mdlB	16
mdtA	40
mdtB	20
mdtC	11
mdtD	7
mdtE	95
mdtF	33
mdtG	8
mdtH	5
mdtI	26
mdtJ	32
mdtK	135
mdtL	10
mdtM	13
mdtN	[0]
mdtO	[0]
mdtP	[0]
melA	26
melB	5
melR	18
menA	160
menB	1235
menC	147
menD	44
menE	38
menF	67
menH	14
mepA	273
metA	1711
metB	745
metC	1256
metE	63552
metF	2849
metG	1864
metH	753
metI	340
metJ	2317
metK	7214
metL	581
metN	754
metQ	10568
metR	398
mfd	353
mglA	83
mglB	448
mglC	57
mgrB	215
mgsA	1567
mgtA	63
mgtL	530
mhpA	3
mhpB	[3]
mhpC	26
mhpD	10
mhpE	18
mhpF	15
mhpR	225
mhpT	4
miaA	130
miaB	1211
minC	364
minD	2444
minE	1970
mioC	953
mipA	5738
mlaA	770
mlaB	326
mlaC	1923
mlaD	478
mlaE	149
mlaF	277
mliC	87
mlrA	49
mltA	286
mltB	274
mltC	148
mltD	644
mltF	22
mmuM	156
mmuP	64
mngA	[1]
mngB	12
mngR	93
mnmA	608
mnmC	52
mnmE	247
mnmG	500
mntH	58
mntR	251
moaA	184
moaB	1774
moaC	551
moaD	554
moaE	483
mobA	94
mobB	86
mocA	25
modA	462
modB	27
modC	31
modE	158
modF	407
moeA	496
moeB	107
mog	353
mokB	[1]
mokC	[0]
motA	[2]
motB	[1]
mpaA	163
mpl	500
mppA	202
mprA	2625
mqo	287
mqsA	319
mqsR	47
mraY	210
mraZ	123
mrcA	116
mrcB	139
mrdA	76
mrdB	103
mreB	2393
mreC	176
mreD	71
mrp	1391
mrr	184
msbA	242
mscL	2481
mscM	91
mscS	2927
msrA	801
msrB	2643
msyB	5249
mtfA	230
mtgA	22
mtlA	197
mtlD	503
mtlR	99
mtn	1802
mtr	43
mug	517
mukB	356
mukE	263
mukF	204
murA	887
murB	228
murC	377
murD	394
murE	398
murF	346
murG	168
murI	159
murJ	78
murP	6
murQ	76
murR	34
mutH	37
mutL	77
mutM	86
mutS	150
mutT	77
mutY	93
mzrA	164
nac	130
nadA	1359
nadB	363
nadC	465
nadD	100
nadE	2198
nadK	173
nadR	231
nagA	213
nagB	687
nagC	224
nagD	709
nagE	213
nagK	131
nagZ	303
nanA	59
nanC	[0]
nanE	39
nanK	14
nanM	128
nanR	273
nanS	17
nanT	[2]
napA	57
napB	56
napC	18
napD	[8]
napF	[3]
napG	8
napH	6
narG	14
narH	16
narI	22
narJ	9
narK	6
narL	1224
narP	356
narQ	12
narU	14
narV	20
narW	13
narX	47
narY	26
narZ	25
ndh	925
ndk	9782
nei	93
nemA	220
nemR	27
nepI	37
nfi	229
nfo	436
nfrA	19
nfrB	[1]
nfsA	646
nfsB	2448
nfuA	4329
nhaA	131
nhaB	187
nhaR	68
nhoA	60
nikA	10
nikB	[3]
nikC	[1]
nikD	[4]
nikE	[5]
nikR	401
ninE	[0]
nirB	17
nirC	34
nirD	17
nlpA	2248
nlpC	371
nlpD	695
nlpE	276
nlpI	208
nohD	[2]
norR	36
norV	4
norW	[3]
npr	195
nrdA	904
nrdB	954
nrdD	92
nrdE	30
nrdF	42
nrdG	13
nrdH	402
nrdI	20
nrdR	354
nrfA	4
nrfB	[3]
nrfC	[2]
nrfD	[1]
nrfE	[0]
nrfF	[3]
nrfG	[2]
nsrR	168
nth	188
nudB	72
nudC	318
nudE	428
nudF	223
nudG	107
nudI	68
nudJ	138
nudK	215
nudL	143
nuoA	1083
nuoB	1617
nuoC	1164
nuoE	1650
nuoF	1034
nuoG	1173
nuoH	626
nuoI	926
nuoJ	529
nuoK	592
nuoL	510
nuoM	576
nuoN	682
nupC	484
nupG	49
nupX	[1]
nusA	2195
nusB	1081
nusG	3487
obgE	522
ogrK	323
ogt	94
ompA	69396
ompC	52929
ompF	71798
ompG	[1]
ompL	[1]
ompN	2
ompR	865
ompT	24644
ompW	151
ompX	22947
opgB	84
opgC	44
opgD	259
opgG	1637
opgH	304
oppA	6516
oppB	318
oppC	261
oppD	474
oppF	485
orn	825
osmB	1573
osmC	4306
osmE	10048
osmF	410
osmY	8781
otsA	685
otsB	201
oxc	8
oxyR	726
paaA	[3]
paaB	[3]
paaC	[3]
paaD	[1]
paaE	8
paaF	[3]
paaG	[4]
paaH	[3]
paaI	[6]
paaJ	8
paaK	15
paaX	140
paaY	213
paaZ	[2]
pabA	80
pabB	124
pabC	75
pagP	[6]
pal	17960
panB	2859
panC	1425
panD	5227
panE	205
panF	29
paoA	14
paoB	12
paoC	13
paoD	10
parC	320
parE	381
patA	789
pbpC	11
pbpG	242
pck	639
pcm	167
pcnB	422
pdhR	270
pdxA	136
pdxB	733
pdxH	672
pdxJ	1057
pdxK	629
pdxY	281
pepA	1308
pepB	1370
pepD	1694
pepE	81
pepN	1248
pepP	870
pepQ	1223
pepT	341
perR	6
pfkA	2811
pfkB	1152
pflA	527
pflB	5982
pflC	[2]
pflD	12
pgaA	[1]
pgaB	2
pgaC	[3]
pgaD	21
pgi	3613
pgk	12205
pgl	2076
pgm	1172
pgpA	96
pgpB	67
pgsA	396
pheA	862
pheL	309
pheM	148
pheP	99
pheS	1594
pheT	2097
phnC	[3]
phnD	5
phnF	[1]
phnG	[1]
phnH	[1]
phnI	[1]
phnJ	[1]
phnK	[1]
phnL	[3]
phnM	[1]
phnN	[3]
phnO	125
phnP	33
phoA	190
phoB	212
phoE	40
phoH	457
phoP	1331
phoQ	70
phoR	34
phoU	797
php	[2]
phr	37
pinE	[2]
pinR+pinQ	37
pitA	422
pitB	[1]
pldA	273
pldB	81
pliG	6872
plsB	445
plsC	174
plsX	117
plsY	93
pmbA	615
pmrD	147
pncA	391
pncB	1038
pnp	3545
pntA	6116
pntB	2712
pnuC	532
polA	541
polB	16
potA	564
potB	189
potC	194
potD	3262
potE	14
potF	1061
potG	223
potH	77
potI	48
poxB	877
ppa	16471
ppc	4441
ppdA	[1]
ppdB	[2]
ppdC	[12]
ppdD	[0]
pphA	13
pphB	[6]
ppiA	1179
ppiB	8773
ppiC	1330
ppiD	666
ppk	244
pppA	10
ppsA	1434
ppsR	384
pptA	924
ppx	250
pqiA	34
pqiB	96
pqqL	30
prc	718
prfA	210
prfB	1732
prfC	922
priA	59
priB	245
priC	100
prkB	218
prlC	908
prmA	384
prmB	939
prmC	36
proA	803
proB	536
proC	1150
proP	613
proQ	2396
proS	2265
proV	232
proW	146
proX	370
proY	80
prpB	[0]
prpC	[1]
prpD	[1]
prpE	[0]
prpR	10
prr	228
prs	3998
psd	486
psiE	128
psiF	454
pspA	602
pspB	240
pspC	111
pspD	53
pspE	590
pspF	66
pspG	52
pssA	535
pstA	195
pstB	955
pstC	163
pstS	2121
psuG	11
psuK	[0]
psuT	[1]
pta	1157
pth	403
ptrA	140
ptrB	142
ptsA	[2]
ptsG	3454
ptsH	23646
ptsI	5491
ptsN	729
ptsP	222
purA	5661
purB	3041
purC	6708
purD	1372
purE	1194
purF	2061
purH	2560
purK	745
purL	1417
purM	2891
purN	426
purP	576
purR	1217
purT	1987
purU	2324
putA	64
putP	361
puuA	822
puuB	391
puuC	392
puuD	607
puuE	291
puuP	48
puuR	260
pykA	1611
pykF	6184
pyrB	23504
pyrC	5040
pyrD	1337
pyrE	119
pyrF	1286
pyrG	1874
pyrH	2531
pyrI	26096
pyrL	370
qmcA	150
qorA	643
qorB	160
qseB	74
qseC	29
qseD	25
queA	238
queC	443
queD	360
queF	318
quuD	[6]
quuQ	11
racC	[9]
racR	260
radA	148
raiA	5010
ralR	[12]
rapA	347
rarA	95
rarD	43
ravA	119
rbbA	147
rbfA	1133
rbn	153
rbsA	56
rbsB	780
rbsC	66
rbsD	114
rbsK	144
rbsR	30
rcnA	360
rcnR	700
rcsA	74
rcsB	2820
rcsC	70
rcsD	179
rcsF	1180
rdgB	448
rdgC	681
rdoA	104
recA	2926
recB	36
recC	41
recD	46
recE	8
recF	41
recG	56
recJ	118
recN	131
recO	34
recQ	63
recR	226
recT	33
recX	17
relA	213
relB	1688
relE	145
rem	[4]
rep	102
rfaB	71
rfaC	113
rfaD	2094
rfaE	646
rfaF	184
rfaG	95
rfaH	193
rfaI	75
rfaJ	97
rfaL	236
rfaP	77
rfaQ	95
rfaS	76
rfaY	113
rfaZ	65
rfbA	1372
rfbB	1257
rfbC	752
rfbD	821
rfbX	192
rfc	109
rfe	232
rffA	289
rffC	39
rffD	185
rffE	200
rffG	158
rffH	115
rffM	121
rffT	75
rhaA	5
rhaB	[0]
rhaD	13
rhaM	[5]
rhaR	[1]
rhaS	9
rhaT	[2]
rhlB	1055
rhlE	100
rhmA	41
rhmD	[1]
rhmR	[0]
rhmT	[1]
rho	3478
rhsA	[0]
rhsB	[0]
rhsC	[0]
rhsD	2
rhtA	26
rhtB	166
rhtC	239
ribA	563
ribB	916
ribC	1072
ribD	278
ribE	2677
ribF	233
rihA	175
rihB	[1]
rihC	85
rimI	156
rimJ	306
rimK	46
rimL	217
rimM	994
rimN	378
rimO	718
rimP	1220
rlmA	189
rlmB	403
rlmE	325
rlmF	215
rlmG	118
rlmH	177
rlmI	480
rlmL	312
rlmM	333
rlmN	544
rlpA	726
rluA	74
rluB	899
rluC	386
rluD	716
rluE	172
rluF	172
rmf	16122
rmuC	16
rna	470
rnb	2002
rnc	676
rnd	89
rne	1061
rng	370
rnhA	175
rnhB	131
rnk	502
rnlA	132
rnpA	363
rnr	605
rnt	204
rob	673
rodZ	576
rof	791
rpe	1654
rph	1017
rpiA	2819
rpiB	52
rpiR	124
rplA	21791
rplB	17791
rplC	19167
rplD	18688
rplE	19113
rplF	16781
rplI	18410
rplJ	23350
rplK	21385
rplL	64335
rplM	22804
rplN	18836
rplO	16851
rplP	20173
rplQ	23606
rplR	18122
rplS	26080
rplT	22225
rplU	20068
rplV	19514
rplW	17428
rplX	17387
rplY	19540
rpmA	25031
rpmB	33382
rpmC	13870
rpmD	18522
rpmE	21585
rpmF	45388
rpmG	29757
rpmH	28497
rpmI	30428
rpmJ	15771
rpoA	8447
rpoB	4059
rpoC	3715
rpoD	2284
rpoE	212
rpoH	1154
rpoN	316
rpoS	10222
rpoZ	7159
rppH	233
rpsA	18934
rpsB	23487
rpsC	19343
rpsD	25885
rpsE	16467
rpsF	26478
rpsG	29110
rpsH	13620
rpsI	22455
rpsJ	18951
rpsK	19238
rpsL	31150
rpsM	19239
rpsN	22095
rpsO	25378
rpsP	25778
rpsQ	22711
rpsR	22547
rpsS	19074
rpsT	32415
rpsU	39044
rraA	1630
rraB	3435
rsd	719
rseA	1576
rseB	291
rseC	119
rseP	135
rsgA	331
rsmA	500
rsmB	211
rsmC	401
rsmD	178
rsmE	251
rsmF	85
rsmG	268
rsmH	344
rsmI	226
rspA	13
rspB	24
rssA	142
rssB	116
rstA	221
rstB	53
rsuA	754
rsxA	143
rsxB	103
rsxC	157
rsxD	104
rsxE	152
rsxG	162
rtcA	11
rtcB	45
rtcR	6
rtn	41
rumA	138
rumB	63
rusA	[0]
rutA	4
rutB	[3]
rutC	[4]
rutD	[2]
rutE	[4]
rutF	23
rutG	5
rutR	92
ruvA	249
ruvB	196
ruvC	61
rzoD+rzoR	[6]
rzoQ	[0]
rzpD	[5]
rzpQ	[2]
sad	152
safA	[0]
sanA	52
sapA	109
sapB	48
sapC	52
sapD	107
sapF	95
sbcB	159
sbcC	59
sbcD	90
sbmA	30
sbmC	226
sbp	831
scpA	[1]
scpB	23
scpC	[1]
sdaA	121
sdaB	80
sdaC	149
sdhA	3418
sdhB	4015
sdhC	3647
sdhD	2508
sdiA	87
secA	1148
secB	5193
secD	437
secE	1743
secF	462
secG	2964
secM	226
secY	1778
selA	199
selB	338
selD	881
selU	32
seqA	866
serA	19405
serB	242
serC	8655
serS	2024
setA	15
setB	[2]
setC	[1]
sfmA	11
sfmC	[0]
sfmD	[0]
sfmF	[4]
sfmH	[0]
sfsA	126
sfsB	43
sgcA	42
sgcB	[11]
sgcC	[3]
sgcE	15
sgcQ	27
sgcR	19
sgcX	[2]
sgrR	80
sgrT	[0]
shiA	163
shoB	[13]
sieB	19
sirA	287
sixA	599
skp	10662
slmA	568
slp	1270
slt	204
slyA	925
slyB	5758
slyD	7302
slyX	694
smf	10
smg	230
smpB	1537
smtA	69
sodA	20479
sodB	15086
sodC	483
sohA	348
sohB	538
solA	800
soxR	74
soxS	467
speA	1823
speB	1122
speC	249
speD	1745
speE	1960
speF	[0]
speG	679
spoT	158
sppA	170
spr	2535
spy	316
sra	15792
srlA	[7]
srlB	28
srlD	48
srlE	9
srlR	77
srmB	559
ssb	2329
sseA	517
sseB	366
ssnA	[0]
sspA	2668
sspB	553
sstT	586
ssuA	7
ssuB	12
ssuC	[2]
ssuD	20
ssuE	12
stfP	[1]
stfQ	[0]
stfR	2
sthA	492
stpA	7682
sucA	2121
sucB	5678
sucC	6381
sucD	6409
sufA	359
sufB	143
sufC	226
sufD	152
sufE	117
sufS	122
sugE	46
suhB	1591
sulA	373
surA	1291
surE	134
sxy	30
syd	268
symE	39
tabA	664
tadA	106
tag	213
talA	1399
talB	8930
tam	291
tap	[2]
tar	[2]
tas	872
tatA	2926
tatB	293
tatC	189
tatD	60
tatE	1286
tauA	39
tauB	8
tauC	[2]
tauD	19
tdcA	[1]
tdcB	[1]
tdcC	25
tdcD	8
tdcE	15
tdcF	24
tdcG	7
tdcR	[0]
tdh	263
tdk	404
tehA	27
tehB	768
tesA	289
tesB	278
tfaE	[7]
tfaP	18
tfaR+tfaQ	[17]
tgt	1127
thiB	1094
thiC	2352
thiD	754
thiE	1199
thiF	713
thiG	1502
thiH	848
thiI	483
thiK	29
thiL	153
thiM	978
thiP	41
thiQ	93
thiS	560
thrA	5761
thrB	2287
thrC	5880
thrL	19537
thrS	2984
thyA	651
tig	13128
tilS	122
tisB	[1]
tktA	4690
tktB	1215
tldD	438
tmcA	29
tmk	189
tnaA	16
tnaB	[0]
tnaC	55
tolA	133
tolB	2491
tolC	3141
tolQ	392
tolR	221
tomB	49
tonB	218
topA	677
topB	100
torA	3
torC	[1]
torD	[1]
torI	44
torR	101
torS	4
torT	[4]
torY	[1]
torZ	10
tpiA	7847
tpr	[0]
tpx	16961
tqsA	19
treA	243
treB	27
treC	23
treF	238
treR	143
trg	[1]
trkA	153
trkG	31
trkH	59
trmA	332
trmD	318
trmH	189
trmI	627
trmJ	502
trmL	145
trpA	2506
trpB	2331
trpC	840
trpD	719
trpE	1153
trpL	1842
trpR	549
trpS	2698
truA	120
truB	214
truC	57
truD	273
trxA	9265
trxB	2980
trxC	569
tsf	17031
tsgA	95
tsr	4
tsx	3927
ttcA	617
ttdA	[0]
ttdB	[1]
ttdR	[2]
ttdT	[0]
tufA+tufB	116583
tus	85
tynA	5
typA	3215
tyrA	561
tyrB	1747
tyrP	71
tyrR	345
tyrS	1834
ubiA	276
ubiB	72
ubiC	139
ubiD	295
ubiE	1229
ubiF	329
ubiG	882
ubiH	132
ubiX	124
ucpA	114
udk	468
udp	2011
ugd	49
ugpA	27
ugpB	317
ugpC	125
ugpE	34
ugpQ	256
uhpA	156
uhpB	14
uhpC	14
uhpT	4
uidA	5
uidB	[0]
uidC	[0]
uidR	113
ulaA	[1]
ulaB	44
ulaC	[10]
ulaD	21
ulaE	[5]
ulaF	8
ulaG	52
ulaR	121
umuC	12
umuD	27
ung	439
uof	119
upp	9464
uraA	1223
usg	578
ushA	512
uspA	17441
uspB	402
uspC	102
uspD	804
uspE	941
uspF	633
uspG	789
uup	244
uvrA	206
uvrB	197
uvrC	156
uvrD	126
uvrY	412
uxaA	20
uxaB	8
uxaC	102
uxuA	144
uxuB	90
uxuR	177
valS	1751
ves	[1]
viaA	33
visC	210
vsr	39
waaA	144
waaU	99
wbbI	1045
wbbJ	367
wbbK	380
wcaA	[3]
wcaB	[1]
wcaC	[1]
wcaD	[0]
wcaE	[2]
wcaF	[1]
wcaI	[0]
wcaJ	[1]
wcaK	10
wcaL	5
wcaM	7
wecH	15
wrbA	5479
wza	[2]
wzb	[1]
wzc	[1]
wzxC	[0]
wzxE	21
wzyE	26
wzzE	210
xanP	432
xanQ	3
xapA	[4]
xapB	[1]
xapR	18
xdhA	8
xdhB	15
xdhC	22
xdhD	8
xerC	212
xerD	73
xisE	[13]
xseA	267
xseB	557
xthA	1111
xylA	13
xylB	61
xylE	[0]
xylF	6
xylG	[1]
xylH	[4]
xylR	47
yaaA	494
yaaH	38
yaaI	[1]
yaaJ	9
yaaU	[1]
yaaW	[5]
yaaX	78
yaaY	[0]
yabI	30
yacC	238
yacF	373
yacG	796
yacH	[1]
yacL	374
yadB	42
yadC	[3]
yadD	8
yadE	14
yadG	292
yadH	178
yadI	12
yadK	[4]
yadL	14
yadM	13
yadN	[0]
yadS	49
yaeB	114
yaeF	[1]
yaeH	1682
yaeI	[3]
yaeJ	23
yaeP	665
yaeQ	139
yaeR	218
yafC	134
yafD	164
yafE	5
yafJ	212
yafK	786
yafL	[2]
yafM	49
yafN	128
yafO	30
yafP	23
yafQ	184
yafS	60
yafT	9
yafV	170
yafW	[0]
yafX	[0]
yafY	21
yafZ	[5]
yagA	[1]
yagE	22
yagF	9
yagG	17
yagH	47
yagI	74
yagK	10
yagL	15
yagM	7
yagN	2224
yagU	2520
yagV	12
yagW	10
yagX	[1]
yahA	483
yahB	19
yahC	[3]
yahD	25
yahE	[0]
yahF	5
yahG	9
yahI	[3]
yahJ	79
yahK	2250
yahL	[1]
yahM	[0]
yahN	7
yahO	3826
yaiA	606
yaiE	1957
yaiI	120
yaiL	526
yaiO	[3]
yaiP	[2]
yaiS	[3]
yaiV	[0]
yaiW	108
yaiY	48
yaiZ	124
yajC	8494
yajD	428
yajG	2277
yajI	63
yajL	540
yajO	661
yajQ	4633
yajR	32
ybaA	43
ybaB	4508
ybaE	10
ybaK	596
ybaL	124
ybaM	316
ybaN	66
ybaO	61
ybaP	50
ybaQ	429
ybaS	317
ybaT	73
ybaV	23
ybaY	2510
ybaZ	66
ybbA	77
ybbC	82
ybbJ	55
ybbL	147
ybbM	46
ybbN	1604
ybbO	136
ybbP	32
ybbW	[0]
ybbY	6
ybcF	[2]
ybcH	38
ybcI	[4]
ybcJ	1294
ybcK	[2]
ybcL	34
ybcM	42
ybcN	[0]
ybcO	[0]
ybcV	[0]
ybcW	[19]
ybdD	262
ybdF	143
ybdH	304
ybdJ	183
ybdK	122
ybdL	278
ybdM	46
ybdN	[3]
ybdO	[4]
ybdR	53
ybdZ	21
ybeB	796
ybeD	2166
ybeF	5
ybeL	1899
ybeQ	[1]
ybeR	[0]
ybeT	[1]
ybeU	[1]
ybeX	665
ybeY	475
ybeZ	885
ybfA	1546
ybfB	[2]
ybfC	34
ybfD+yhhI	[0]
ybfE	155
ybfF	330
ybfK	[0]
ybfP	[9]
ybgA	126
ybgC	244
ybgD	[2]
ybgE	99
ybgF	1511
ybgI	1725
ybgJ	241
ybgK	289
ybgL	137
ybgO	[0]
ybgP	[1]
ybgQ	[0]
ybgS	781
ybgT	1429
ybhA	453
ybhB	772
ybhC	1213
ybhD	[3]
ybhF	33
ybhG	127
ybhH	[1]
ybhI	[0]
ybhJ	8
ybhK	67
ybhL	832
ybhM	[6]
ybhN	15
ybhO	92
ybhP	127
ybhQ	130
ybhR	32
ybhS	27
ybhT	2118
ybiA	10
ybiB	875
ybiC	2062
ybiH	59
ybiI	81
ybiJ	488
ybiO	25
ybiP	38
ybiR	36
ybiS	1558
ybiT	477
ybiU	292
ybiV	363
ybiW	7
ybiX	28
ybiY	[0]
ybjC	38
ybjD	84
ybjE	121
ybjG	144
ybjH	[12]
ybjI	182
ybjJ	50
ybjK	26
ybjL	84
ybjM	22
ybjN	367
ybjO	30
ybjP	2099
ybjQ	911
ybjS	119
ybjT	57
ybjX	507
ycaC	1483
ycaD	60
ycaI	2
ycaK	117
ycaL	22
ycaM	[2]
ycaN	27
ycaO	448
ycaP	74
ycaQ	[4]
ycaR	1594
ycbB	135
ycbC	40
ycbF	[5]
ycbJ	28
ycbK	1407
ycbL	706
ycbU	8
ycbV	11
ycbW	280
ycbX	305
ycbZ	131
yccA	3556
yccB	95
yccE	5
yccF	303
yccJ	2670
yccK	297
yccM	[3]
yccS	45
yccT	27
yccU	1221
yccX	315
ycdT	7
ycdU	[0]
ycdX	649
ycdY	1195
ycdZ	51
yceA	1734
yceB	215
yceD	1290
yceF	749
yceG	70
yceH	641
yceI	1037
yceJ	19
yceK	36
yceM	122
yceO	[7]
yceQ	[0]
ycfD	756
ycfH	281
ycfJ	79
ycfL	82
ycfM	954
ycfP	1110
ycfQ	129
ycfS	125
ycfT	[0]
ycfZ	[4]
ycgB	287
ycgE	208
ycgF	41
ycgG	3
ycgJ	358
ycgL	890
ycgM	531
ycgN	246
ycgR	9
ycgV	3
ycgX	12
ycgY	[5]
ycgZ	292
ychA	147
ychE	10
ychF	1907
ychH	241
ychJ	328
ychM	34
ychN	1120
ychO	21
ychQ	[7]
yciA	426
yciB	214
yciC	182
yciE	158
yciF	164
yciG	519
yciH	628
yciI	2149
yciK	238
yciM	93
yciN	674
yciO	568
yciQ	5
yciS	351
yciT	304
yciU	523
yciV	45
yciW	490
yciX	642
yciY	895
yciZ	216
ycjD	[1]
ycjF	112
ycjG	101
ycjM	[0]
ycjN	[1]
ycjO	[0]
ycjP	[0]
ycjQ	13
ycjR	7
ycjS	[2]
ycjT	[2]
ycjU	[0]
ycjW	68
ycjX	98
ycjY	69
ycjZ	74
ydaC	[11]
ydaE	[0]
ydaF	[13]
ydaG	[13]
ydaL	140
ydaM	257
ydaN	158
ydaQ	[3]
ydaS	[9]
ydaT	26
ydaU	[5]
ydaV	[2]
ydbC	261
ydbD	1
ydbH	25
ydbJ	1385
ydbK	304
ydbL	114
ydcA	50
ydcC	[0]
ydcD	10
ydcF	454
ydcH	85
ydcI	506
ydcJ	11
ydcK	83
ydcL	882
ydcN	35
ydcO	12
ydcP	203
ydcR	90
ydcS	103
ydcT	10
ydcU	6
ydcV	[5]
ydcX	104
ydcY	1943
ydcZ	29
yddA	4
yddB	18
yddE	195
yddG	86
yddH	49
yddJ	[1]
yddM	130
yddW	122
ydeA	95
ydeE	18
ydeH	13
ydeI	213
ydeJ	38
ydeM	[3]
ydeN	32
ydeO	8
ydeP	23
ydeQ	[5]
ydeR	[0]
ydeS	[3]
ydfA	[22]
ydfB	[5]
ydfC	29
ydfD	[3]
ydfG	3017
ydfH	186
ydfI	15
ydfO	[4]
ydfR	[5]
ydfU	[1]
ydfV	[0]
ydfZ	260
ydgA	871
ydgC	121
ydgD	92
ydgH	2760
ydgI	9
ydgJ	468
ydgK	168
ydgU	[0]
ydhB	43
ydhC	40
ydhF	460
ydhI	41
ydhJ	27
ydhK	6
ydhL	46
ydhO	238
ydhP	107
ydhQ	707
ydhR	2425
ydhS	192
ydhT	[2]
ydhU	[4]
ydhV	[1]
ydhW	[1]
ydhX	[6]
ydhY	[2]
ydhZ	413
ydiB	8
ydiE	65
ydiF	8
ydiH	2849
ydiI	755
ydiJ	897
ydiK	137
ydiL	[4]
ydiM	[0]
ydiN	[0]
ydiO	20
ydiP	55
ydiQ	9
ydiR	18
ydiS	4
ydiT	[9]
ydiU	153
ydiV	17
ydiY	170
ydiZ	990
ydjA	1300
ydjE	[1]
ydjF	108
ydjG	16
ydjH	5
ydjI	17
ydjJ	10
ydjK	[0]
ydjL	10
ydjM	[7]
ydjN	2257
ydjO	[4]
ydjX	[3]
ydjY	23
ydjZ	10
yeaC	2258
yeaD	1683
yeaE	93
yeaG	1047
yeaH	148
yeaI	[1]
yeaJ	24
yeaK	565
yeaL	39
yeaM	34
yeaN	11
yeaO	485
yeaP	158
yeaQ	6474
yeaR	48
yeaV	[0]
yeaW	[3]
yeaX	8
yeaY	168
yeaZ	304
yebA	379
yebB	[1]
yebC	2970
yebE	85
yebF	3848
yebG	748
yebK	135
yebN	30
yebO	507
yebQ	4
yebR	1498
yebS	35
yebT	77
yebV	2582
yebW	88
yebY	1025
yebZ	63
yecA	379
yecC	440
yecD	291
yecE	37
yecF	868
yecH	42
yecJ	600
yecM	210
yecN	144
yecR	[5]
yecS	288
yecT	[5]
yedA	[4]
yedD	1276
yedE	392
yedF	735
yedI	161
yedJ	85
yedK	34
yedL	217
yedP	227
yedQ	42
yedR	191
yedV	43
yedW	80
yedY	85
yedZ	27
yeeA	24
yeeD	2008
yeeE	290
yeeF	1081
yeeJ	5
yeeN	1618
yeeO	13
yeeR	3
yeeS	[0]
yeeT	[1]
yeeU	[0]
yeeV	[2]
yeeX	6787
yeeY	12
yeeZ	600
yefM	722
yegD	70
yegE	26
yegH	59
yegI	[2]
yegJ	[9]
yegK	[0]
yegL	[1]
yegP	1974
yegQ	620
yegR	51
yegS	170
yegT	7
yegU	34
yegV	12
yegW	92
yegX	4
yehA	[2]
yehB	[1]
yehC	[0]
yehD	11
yehE	633
yehI	3
yehK	[2]
yehL	[1]
yehM	[0]
yehP	[1]
yehR	12
yehS	136
yehT	52
yehU	18
yehW	33
yehX	65
yehY	28
yeiA	14
yeiB	50
yeiE	111
yeiG	987
yeiH	46
yeiI	20
yeiL	[6]
yeiP	1752
yeiQ	48
yeiR	149
yeiS	103
yeiT	14
yeiW	[4]
yejA	59
yejB	20
yejE	26
yejF	31
yejG	834
yejH	43
yejK	578
yejL	1749
yejM	106
yfaA	[1]
yfaD	86
yfaE	89
yfaL	3
yfaP	[2]
yfaQ	[0]
yfaT	[0]
yfaY	182
yfaZ	269
yfbK	3
yfbL	[1]
yfbM	11
yfbN	[3]
yfbO	[10]
yfbP	8
yfbR	252
yfbS	13
yfbT	289
yfbU	2226
yfbV	489
yfcA	84
yfcC	[0]
yfcD	1385
yfcE	664
yfcF	253
yfcG	216
yfcH	287
yfcI	31
yfcJ	21
yfcL	946
yfcM	116
yfcN	236
yfcO	79
yfcP	[3]
yfcQ	[3]
yfcR	[1]
yfcS	[1]
yfcV	[0]
yfcZ	1233
yfdC	129
yfdE	6
yfdF	15
yfdK	20
yfdN	[0]
yfdP	[9]
yfdQ	46
yfdR	[0]
yfdS	[3]
yfdT	[1]
yfdV	[2]
yfdX	33
yfdY	101
yfeA	34
yfeC	38
yfeD	77
yfeH	105
yfeK	22
yfeN	[2]
yfeO	20
yfeR	28
yfeS	13
yfeW	15
yfeX	720
yfeY	257
yfeZ	59
yffB	559
yffL	56
yffM	[0]
yffN	[9]
yffO	41
yffP	40
yffQ	[6]
yffR	171
yffS	356
yfgC	228
yfgD	2194
yfgF	[1]
yfgG	882
yfgH	7
yfgI	11
yfgJ	459
yfgM	905
yfgO	91
yfhB	127
yfhG	70
yfhH	95
yfhL	209
yfhM	93
yfhR	[0]
yfiB	238
yfiC	82
yfiD	2863
yfiE	31
yfiF	1001
yfiH	176
yfiL	46
yfiM	16
yfiN	25
yfiP	54
yfiQ	33
yfiR	24
yfjD	54
yfjF	273
yfjG	437
yfjH	58
yfjI	6
yfjJ	[5]
yfjK	64
yfjL	34
yfjM	[2]
yfjO	110
yfjP	6
yfjQ	17
yfjR	[0]
yfjS	[10]
yfjT	16
yfjW	51
yfjX	[0]
yfjY	[1]
yfjZ	[2]
ygaC	246
ygaD	404
ygaH	94
ygaM	4734
ygaP	129
ygaU	3709
ygaV	32
ygaW	[4]
ygaZ	132
ygbA	30
ygbE	51
ygbF	13
ygbI	87
ygbJ	6
ygbK	[2]
ygbL	[2]
ygbM	25
ygbN	[2]
ygbT	13
ygcB	2
ygcE	7
ygcF	215
ygcG	[2]
ygcN	[1]
ygcO	[5]
ygcP	[8]
ygcQ	4
ygcR	[5]
ygcS	[0]
ygcU	[3]
ygcW	[1]
ygdB	[1]
ygdD	276
ygdG	58
ygdH	387
ygdI	1606
ygdQ	74
ygdR	632
ygeA	207
ygeG	[1]
ygeH	[0]
ygeI	[5]
ygeR	125
ygeV	7
ygeW	[0]
ygeX	[1]
ygeY	12
ygfA	41
ygfB	878
ygfF	37
ygfI	12
ygfK	[0]
ygfM	8
ygfQ	13
ygfS	[7]
ygfT	[1]
ygfU	[0]
ygfX	59
ygfY	974
ygfZ	1708
yggC	40
yggD	34
yggE	1776
yggF	[2]
yggG	461
yggI	42
yggL	2486
yggM	[1]
yggN	319
yggP	7
yggR	10
yggS	374
yggT	383
yggU	116
yggW	99
yggX	2665
yghA	386
yghB	123
yghD	[7]
yghG	104
yghJ	58
yghQ	[0]
yghR	[0]
yghS	[2]
yghT	[0]
yghU	1043
yghW	33
ygiB	1348
ygiC	359
ygiD	22
ygiF	370
ygiL	21
ygiM	488
ygiN	2417
ygiQ	225
ygiS	58
ygiV	23
ygiW	2776
ygiZ	[0]
ygjH	14
ygjI	[0]
ygjJ	[0]
ygjK	[1]
ygjP	65
ygjQ	[1]
ygjR	189
ygjV	15
yhaB	[0]
yhaC	[1]
yhaH	846
yhaI	[10]
yhaJ	216
yhaK	30
yhaL	318
yhaM	25
yhaO	[1]
yhaV	90
yhbE	23
yhbJ	587
yhbO	283
yhbP	48
yhbQ	20
yhbS	402
yhbT	313
yhbU	[3]
yhbV	[4]
yhbW	411
yhbX	[1]
yhbY	2765
yhcA	14
yhcB	1546
yhcC	[1]
yhcD	3
yhcF	39
yhcG	5
yhcH	136
yhcM	214
yhcN	314
yhcO	184
yhdE	184
yhdH	602
yhdJ	[2]
yhdL	766
yhdN	53
yhdP	37
yhdT	56
yhdU	134
yhdV	77
yhdX	[1]
yhdY	[1]
yhdZ	21
yheL	138
yheM	132
yheN	137
yheO	476
yheS	235
yheT	73
yheU	395
yheV	758
yhfA	1283
yhfG	459
yhfK	41
yhfL	[14]
yhfS	[2]
yhfT	[1]
yhfU	[8]
yhfW	[0]
yhfX	[0]
yhfY	18
yhfZ	35
yhgA	20
yhgE	15
yhgF	825
yhgN	72
yhhA	316
yhhH	[2]
yhhJ	97
yhhK	130
yhhL	127
yhhM	172
yhhN	195
yhhQ	116
yhhS	26
yhhT	26
yhhW	251
yhhX	634
yhhY	113
yhhZ	[0]
yhiD	30
yhiI	265
yhiJ	7
yhiM	27
yhiN	92
yhiQ	75
yhiR	247
yhjA	4
yhjB	44
yhjC	29
yhjD	155
yhjE	2380
yhjG	62
yhjH	[2]
yhjJ	152
yhjK	55
yhjR	243
yhjV	26
yhjX	[1]
yhjY	137
yiaA	[1]
yiaB	[2]
yiaC	18
yiaD	215
yiaF	1151
yiaG	2581
yiaJ	206
yiaK	[2]
yiaL	[1]
yiaM	[0]
yiaN	[0]
yiaO	[1]
yiaQ	19
yiaR	10
yiaS	14
yiaT	7
yiaU	21
yiaV	[1]
yiaW	[2]
yiaY	[0]
yibA	73
yibB	160
yibD	31
yibF	386
yibG	[5]
yibH	13
yibI	17
yibL	1131
yibN	1241
yibQ	101
yibT	983
yicC	884
yicG	7
yicH	125
yicI	8
yicJ	[1]
yicL	99
yicN	36
yicO	[0]
yicR	[4]
yicS	86
yidA	602
yidB	315
yidC	1094
yidD	151
yidE	45
yidF	11
yidG	19
yidH	60
yidI	22
yidJ	5
yidK	[0]
yidL	16
yidP	[2]
yidQ	440
yidR	144
yidX	9
yidZ	25
yieE	36
yieF	780
yieH	80
yieK	17
yieL	7
yieP	370
yifB	[2]
yifE	7863
yifK	173
yifL	2282
yigA	278
yigB	281
yigE	[4]
yigF	16
yigG	[0]
yigI	541
yigL	295
yigM	39
yigP	278
yigZ	77
yihA	892
yihD	1585
yihF	[2]
yihG	32
yihI	1430
yihL	25
yihM	37
yihN	4
yihO	[0]
yihP	[2]
yihQ	7
yihR	[3]
yihS	21
yihT	15
yihU	[5]
yihV	9
yihW	116
yihX	354
yihY	51
yiiD	362
yiiE	[1]
yiiF	56
yiiG	8
yiiM	360
yiiQ	182
yiiR	92
yiiS	879
yiiX	[5]
yijD	949
yijE	19
yijF	[0]
yijO	42
yijP	484
yjaA	[3]
yjaB	34
yjaG	419
yjaH	40
yjaZ	8
yjbB	60
yjbD	515
yjbE	80
yjbF	[3]
yjbG	[1]
yjbH	[1]
yjbJ	430
yjbL	[0]
yjbM	[1]
yjbQ	122
yjbR	541
yjbS	[2]
yjbT	[7]
yjcB	166
yjcC	21
yjcD	818
yjcE	77
yjcF	[0]
yjcH	97
yjcO	129
yjcS	[1]
yjcZ	[4]
yjdA	20
yjdC	596
yjdF	49
yjdI	254
yjdJ	375
yjdK	32
yjdL	[1]
yjdM	1188
yjdN	185
yjdO	[1]
yjdP	31
yjeA	106
yjeE	248
yjeF	173
yjeH	77
yjeI	3049
yjeJ	19
yjeK	163
yjeM	4
yjeN	[2]
yjeO	[3]
yjeP	51
yjeS	25
yjeT	56
yjeV	[14]
yjfC	[0]
yjfF	7
yjfI	[1]
yjfJ	[3]
yjfK	[0]
yjfL	[0]
yjfM	[0]
yjfN	44
yjfP	134
yjfY	[12]
yjfZ	13
yjgA	600
yjgB	317
yjgF	12479
yjgH	186
yjgI	17
yjgJ	202
yjgL	21
yjgM	319
yjgN	[1]
yjgR	186
yjgZ	[0]
yjhB	17
yjhC	121
yjhF	[1]
yjhG	16
yjhH	21
yjhI	[4]
yjhP	23
yjhQ	25
yjhU	286
yjhX	[2]
yjiA	320
yjiC	[1]
yjiG	[3]
yjiH	[2]
yjiJ	7
yjiK	15
yjiL	[2]
yjiM	5
yjiN	34
yjiR	40
yjiS	[6]
yjiX	[8]
yjiY	9
yjjA	352
yjjB	10
yjjG	369
yjjI	18
yjjJ	51
yjjK	2080
yjjL	[2]
yjjM	15
yjjN	[2]
yjjP	28
yjjQ	[0]
yjjU	142
yjjV	58
yjjW	[2]
yjjX	275
yjjY	[0]
yjjZ	21
yjtD	204
ykfA	15
ykfB	64
ykfF	[1]
ykfG	[2]
ykfH	[1]
ykfI	[1]
ykfM	[1]
ykgB	11
ykgC	101
ykgD	19
ykgE	13
ykgF	34
ykgG	36
ykgH	[3]
ykgI	36
ykgJ	76
ykgL	[1]
ykgM	2318
ykgO	2593
ykgR	[21]
ylaB	19
ylaC	361
ylbA	188
ylbF	[0]
ylcG	[2]
ylcH	[0]
ylcI	[5]
yliE	66
yliF	72
yliI	60
yliJ	2126
yliL	[0]
ymbA	175
ymcE	2
ymdA	20
ymdB	266
ymdC	33
ymdF	278
ymfA	[2]
ymfD	12
ymfE	26
ymfI	745
ymfJ	68
ymfL	13
ymfM	15
ymfQ	[0]
ymfR	[3]
ymgA	43
ymgC	26
ymgD	329
ymgE	217
ymgF	[13]
ymgG	124
ymgI	[0]
ymgJ	[2]
ymiA	463
ymiB	[7]
ymjA	271
ynaE+ydfK	[36]
ynaI	83
ynaJ	5636
ynaK	[6]
ynbA	[0]
ynbB	[0]
ynbC	3
ynbD	4
ynbE	155
ynbG	[0]
yncA	345
yncB	462
yncD	69
yncE	1004
yncG	57
yncH	[1]
yncJ	57
yncL	1093
yneE	65
yneF	[1]
yneG	43
yneH	72
yneJ	55
yneK	4
yneM	272
ynfA	104
ynfB	1337
ynfC	164
ynfD	692
ynfE	2
ynfF	29
ynfG	32
ynfH	15
ynfK	30
ynfL	24
ynfM	22
ynfN	[0]
ynfO	[10]
ynhF	5218
ynhG	561
yniA	185
yniB	149
yniC	525
yniD	91
ynjA	37
ynjB	76
ynjC	4
ynjD	19
ynjE	97
ynjF	42
ynjH	45
ynjI	7
yoaA	31
yoaB	3408
yoaC	486
yoaE	117
yoaF	261
yoaG	36
yoaH	589
yoaI	[24]
yoaJ	1031
yoaK	131
yobA	1425
yobB	60
yobD	82
yobF	805
yobH	264
yobI	[2]
yodB	75
yodC	268
yodD	424
yoeB	74
yoeI	2495
yohC	49
yohD	60
yohF	100
yohJ	25
yohK	24
yohN	504
yohO	546
yohP	992
yojI	84
yojO	[0]
ypaA	96
ypdA	13
ypdB	103
ypdC	14
ypdE	[3]
ypdF	[1]
ypdI	[3]
ypdK	570
ypeA	233
ypeB	54
ypeC	157
ypfG	18
ypfH	207
ypfJ	306
ypfM	1043
ypfN	229
yphA	471
yphB	12
yphC	39
yphD	[2]
yphE	[0]
yphF	4
yphG	2
yphH	25
ypjA	4
ypjD	161
ypjF	[10]
ypjJ	[1]
ypjK	[2]
yqaA	18
yqaB	217
yqaE	1439
yqcA	477
yqcC	192
yqcE	[0]
yqcG	[0]
yqeA	11
yqeB	9
yqeC	[0]
yqeF	116
yqeG	8
yqeH	[5]
yqeI	10
yqeJ	[5]
yqeK	[1]
yqeL	[15]
yqfA	40
yqfB	806
yqfG	[6]
yqgA	17
yqgB	555
yqgC	[0]
yqgE	442
yqgF	130
yqhA	585
yqhC	70
yqhD	309
yqhG	[4]
yqhH	[8]
yqiA	106
yqiB	129
yqiC	2423
yqiH	[4]
yqiI	[4]
yqiJ	[2]
yqiK	[2]
yqjA	209
yqjC	557
yqjD	10886
yqjE	691
yqjF	20
yqjG	195
yqjH	307
yqjI	358
yqjK	331
yraH	13
yraI	[1]
yraJ	[1]
yraK	6
yraM	250
yraN	20
yraP	692
yraQ	176
yraR	129
yrbA	1705
yrbG	24
yrbL	208
yrbN	[18]
yrdA	804
yrdB	157
yrdD	169
yrfF	78
yrfG	176
yrhB	15
yrhD	[0]
ysaA	15
ysaB	41
ysgA	1063
yshB	7384
ytcA	[0]
ytfB	276
ytfE	11
ytfF	19
ytfH	46
ytfI	[2]
ytfJ	59
ytfK	1224
ytfL	64
ytfM	115
ytfN	54
ytfP	764
ytfQ	50
ytfR	4
ytfT	4
ythA	[1]
ytjA	4707
ytjB	43
ytjC	443
zapA	738
zapB	7797
zinT	20357
zipA	501
zitB	85
zntA	16
zntR	296
znuA	25238
znuB	301
znuC	468
zraP	[10]
zraR	30
zraS	4
zupT	217
zur	167
zwf	1928
